Marital status,Application mode,Application order,Course,Daytime/evening attendance,Previous qualification,Previous qualification (grade),Nacionality,Mother's qualification,Father's qualification,Mother's occupation,Father's occupation,Admission grade,Displaced,Educational special needs,Debtor,Tuition fees up to date,Gender,Scholarship holder,Age at enrollment,International,Curricular units 1st sem (credited),Curricular units 1st sem (enrolled),Curricular units 1st sem (evaluations),Curricular units 1st sem (approved),Curricular units 1st sem (grade),Curricular units 1st sem (without evaluations),Curricular units 2nd sem (credited),Curricular units 2nd sem (enrolled),Curricular units 2nd sem (evaluations),Curricular units 2nd sem (approved),Curricular units 2nd sem (grade),Curricular units 2nd sem (without evaluations),Unemployment rate,Inflation rate,GDP,Target,Dropout_Probability,Risk_Category,Course_Name
1,43,1,9119,1,1,130.0,1,1,1,9,2,128.0,0,0,1,0,1,0,27,0,0,5,5,0,0.0,0,0,5,7,0,0.0,0,13.9,-0.3,0.79,Enrolled,0.99928063,High Risk,Informatics Engineering
1,17,4,9119,1,1,127.0,1,19,19,5,5,120.4,1,0,1,0,1,0,18,0,0,5,12,0,0.0,0,0,5,8,0,0.0,0,9.4,-0.8,-3.12,Enrolled,0.999091,High Risk,Informatics Engineering
1,39,1,9085,1,12,133.1,1,38,19,9,8,138.3,1,0,1,0,1,0,25,0,0,6,6,0,0.0,0,0,6,6,0,0.0,0,8.9,1.4,3.51,Enrolled,0.9972031,High Risk,Veterinary Nursing
1,39,1,9119,1,1,139.0,1,19,19,9,7,110.3,0,0,1,1,1,0,24,0,0,5,12,1,10.0,0,0,5,11,1,11.0,0,8.9,1.4,3.51,Enrolled,0.9955611,High Risk,Informatics Engineering
1,1,1,9119,1,1,140.0,1,37,19,9,9,166.0,1,0,1,1,1,0,20,0,0,5,7,0,0.0,0,0,5,5,0,0.0,0,9.4,-0.8,-3.12,Enrolled,0.99424523,High Risk,Informatics Engineering
1,51,1,9147,1,1,99.0,1,3,1,3,3,99.7,1,0,1,0,0,0,22,0,0,5,8,0,0.0,0,0,5,7,0,0.0,0,8.9,1.4,3.51,Enrolled,0.9941811,High Risk,Management
1,17,3,9119,1,1,120.0,1,1,19,9,3,116.9,1,0,1,0,1,0,18,0,0,5,10,3,12.0,0,0,5,8,3,10.333333333333334,0,8.9,1.4,3.51,Enrolled,0.99378407,High Risk,Informatics Engineering
1,39,1,9119,1,1,110.0,1,1,1,4,4,125.9,0,0,0,1,1,0,34,0,0,5,7,0,0.0,0,0,5,8,1,11.0,0,10.8,1.4,1.74,Enrolled,0.9936283,High Risk,Informatics Engineering
1,51,1,9119,1,1,129.0,1,2,37,2,9,121.6,1,0,0,1,1,0,19,0,0,5,10,0,0.0,0,0,5,7,1,10.0,0,7.6,2.6,0.32,Enrolled,0.9935602,High Risk,Informatics Engineering
1,1,1,9119,1,1,142.0,1,1,38,4,3,129.8,1,0,0,1,1,0,18,0,0,5,5,0,0.0,0,0,5,6,1,15.0,0,10.8,1.4,1.74,Enrolled,0.9931625,High Risk,Informatics Engineering
1,17,1,9670,1,1,138.0,1,1,1,4,8,123.0,0,0,1,0,1,0,20,0,0,6,7,5,12.4,0,0,6,8,4,13.0,0,13.9,-0.3,0.79,Enrolled,0.9931625,High Risk,Advertising & Marketing
1,43,2,9119,1,1,115.0,1,38,19,9,6,112.2,1,0,1,1,1,0,18,0,0,5,9,2,10.0,0,0,5,9,0,0.0,0,15.5,2.8,-4.06,Enrolled,0.9929963,High Risk,Informatics Engineering
1,17,1,9130,1,1,143.0,1,3,3,2,2,131.8,1,0,1,0,0,0,18,0,0,6,9,5,12.4,0,0,6,12,5,14.166666666666666,0,8.9,1.4,3.51,Enrolled,0.9927295,High Risk,Equinculture
1,43,1,9070,1,1,116.0,1,1,1,3,3,120.9,0,0,0,1,1,0,24,0,0,6,6,0,0.0,0,0,6,6,0,0.0,0,12.7,3.7,-1.7,Enrolled,0.9925249,High Risk,Communication Design
1,17,4,9773,1,1,129.0,1,3,1,2,7,132.5,1,0,0,1,1,0,21,0,0,6,7,0,0.0,0,0,6,11,1,10.0,0,10.8,1.4,1.74,Enrolled,0.9925074,High Risk,Journalism
1,44,1,9085,1,39,140.0,1,1,3,9,4,140.0,0,0,1,0,0,0,24,0,2,6,11,4,12.5,0,1,6,18,2,11.5,0,12.4,0.5,1.79,Enrolled,0.9919803,High Risk,Veterinary Nursing
1,43,1,9147,1,1,130.0,1,37,19,9,8,130.8,0,0,0,1,1,0,22,0,0,5,5,0,0.0,0,0,5,9,3,13.333333333333334,2,16.2,0.3,-0.92,Enrolled,0.9917745,High Risk,Management
2,39,1,9991,0,1,140.0,1,37,37,9,10,130.0,0,0,0,1,0,0,34,0,0,5,5,0,0.0,0,0,5,5,0,0.0,0,9.4,-0.8,-3.12,Enrolled,0.9916911,High Risk,Management (Evening)
1,17,4,9500,1,1,138.0,1,4,1,2,1,133.0,1,0,0,1,0,0,18,0,0,8,8,0,0.0,5,0,8,8,0,0.0,5,9.4,-0.8,-3.12,Enrolled,0.9915616,High Risk,Nursing
4,39,1,9991,0,1,130.0,1,37,37,9,9,127.6,0,0,0,1,1,0,29,0,0,5,5,0,0.0,0,0,5,5,0,0.0,0,7.6,2.6,0.32,Enrolled,0.99133575,High Risk,Management (Evening)
1,1,2,9119,1,1,140.0,1,19,19,9,9,125.7,1,0,0,1,1,0,18,0,0,5,5,0,0.0,0,0,5,5,0,0.0,0,9.4,-0.8,-3.12,Enrolled,0.99126244,High Risk,Informatics Engineering
2,39,1,9991,0,1,120.0,1,37,37,9,9,119.9,0,0,0,1,0,0,50,0,0,5,9,2,10.5,0,0,5,7,3,11.0,0,12.7,3.7,-1.7,Enrolled,0.9911964,High Risk,Management (Evening)
1,15,1,9556,1,1,137.0,26,19,1,9,4,137.0,0,0,1,1,0,0,19,1,0,7,11,0,0.0,4,0,7,11,2,11.666666666666666,0,8.9,1.4,3.51,Enrolled,0.99081963,High Risk,Oral Hygiene
1,17,5,9070,1,1,125.0,1,19,1,5,5,122.6,1,0,0,1,1,0,22,0,0,6,6,1,11.0,0,0,6,6,0,0.0,0,9.4,-0.8,-3.12,Enrolled,0.9906205,High Risk,Communication Design
2,39,1,9500,1,1,100.0,1,37,38,4,4,130.0,0,0,0,1,1,1,33,0,0,8,16,1,10.0,1,0,8,16,1,10.0,1,12.7,3.7,-1.7,Enrolled,0.99037474,High Risk,Nursing
1,39,1,9119,1,19,133.1,1,1,19,4,5,100.0,0,0,0,1,1,0,25,0,0,5,13,1,11.0,0,0,5,11,1,10.0,0,13.9,-0.3,0.79,Enrolled,0.9899338,High Risk,Informatics Engineering
1,43,1,9147,1,1,127.0,25,1,5,9,10,124.2,1,0,0,1,1,0,23,1,0,5,6,1,10.0,0,0,5,5,0,0.0,0,15.5,2.8,-4.06,Enrolled,0.9898722,High Risk,Management
1,44,1,9119,1,39,150.0,1,19,3,5,2,150.0,0,0,0,1,1,0,20,0,0,5,16,0,0.0,0,0,5,12,2,10.5,0,12.7,3.7,-1.7,Enrolled,0.98978615,High Risk,Informatics Engineering
1,43,1,9773,1,1,127.0,1,19,1,5,5,117.6,1,0,0,1,0,0,18,0,0,6,6,0,0.0,0,0,6,10,3,11.0,0,16.2,0.3,-0.92,Enrolled,0.98967326,High Risk,Journalism
4,39,1,9991,0,1,120.0,1,37,37,9,9,110.0,0,0,0,1,0,0,37,0,0,5,14,2,10.0,0,0,5,7,3,11.333333333333334,0,12.7,3.7,-1.7,Enrolled,0.98961323,High Risk,Management (Evening)
1,43,1,9147,1,1,131.0,1,3,19,2,9,126.1,0,0,0,1,0,0,18,0,0,5,5,0,0.0,0,0,5,9,4,13.25,2,16.2,0.3,-0.92,Enrolled,0.9885069,High Risk,Management
1,39,1,9991,0,12,133.1,1,37,37,9,9,121.5,0,0,0,1,1,0,38,0,0,5,11,2,10.5,0,0,5,9,3,11.333333333333334,1,7.6,2.6,0.32,Enrolled,0.98788387,High Risk,Management (Evening)
1,44,1,9003,1,39,120.0,1,38,19,3,5,120.0,0,0,0,1,1,0,23,0,0,6,6,0,0.0,0,0,6,8,0,0.0,0,15.5,2.8,-4.06,Enrolled,0.98751837,High Risk,Agronomy
1,44,1,9119,1,39,140.0,1,1,19,4,5,140.0,1,0,0,1,1,0,22,0,0,5,9,0,0.0,0,0,5,6,2,11.666666666666666,0,10.8,1.4,1.74,Enrolled,0.987398,High Risk,Informatics Engineering
1,15,1,9556,1,1,114.0,26,3,19,122,144,114.0,0,0,0,1,0,0,20,1,0,7,14,0,0.0,6,0,7,12,2,11.666666666666666,0,8.9,1.4,3.51,Enrolled,0.98736304,High Risk,Oral Hygiene
4,39,1,9003,1,1,133.1,1,19,19,9,4,100.7,0,0,0,1,0,0,39,0,0,6,15,2,13.0,2,0,6,13,3,13.0,1,15.5,2.8,-4.06,Enrolled,0.98731625,High Risk,Agronomy
1,17,2,9147,1,1,130.0,1,1,38,5,7,122.0,1,0,0,1,1,0,20,0,0,5,8,2,10.5,0,0,5,11,4,12.25,0,10.8,1.4,1.74,Enrolled,0.9872596,High Risk,Management
1,1,6,9119,1,1,135.0,1,2,1,3,5,123.5,1,0,0,1,1,0,18,0,0,5,10,0,0.0,0,0,5,10,1,10.0,3,7.6,2.6,0.32,Enrolled,0.9857226,High Risk,Informatics Engineering
1,44,1,9003,1,1,120.0,1,1,3,144,123,120.0,0,0,0,1,1,0,19,0,0,6,17,1,11.0,0,0,6,19,0,0.0,0,16.2,0.3,-0.92,Enrolled,0.985564,High Risk,Agronomy
1,44,1,9003,1,39,130.0,1,5,3,2,2,130.0,0,0,0,1,1,0,20,0,1,7,13,3,10.666666666666666,0,0,6,14,2,11.5,0,15.5,2.8,-4.06,Enrolled,0.98534715,High Risk,Agronomy
1,39,1,9003,1,1,160.0,1,1,37,191,193,140.0,0,0,0,1,1,0,27,0,0,6,6,0,0.0,0,0,6,6,0,0.0,0,11.1,0.6,2.02,Enrolled,0.9850804,High Risk,Agronomy
1,1,1,171,1,1,130.0,1,1,38,5,9,118.1,0,0,1,0,1,0,18,0,0,0,0,0,0.0,0,0,0,0,0,0.0,0,9.4,-0.8,-3.12,Enrolled,0.9847744,High Risk,Animation & Multimedia
1,39,1,9147,1,1,133.1,41,38,38,9,8,134.8,0,0,0,1,0,0,24,1,0,5,12,2,10.5,0,0,5,9,4,10.0,2,16.2,0.3,-0.92,Enrolled,0.984743,High Risk,Management
2,39,1,9238,1,19,133.1,1,37,37,9,9,130.0,1,0,0,1,0,0,31,0,0,6,11,0,0.0,0,0,5,10,0,0.0,0,9.4,-0.8,-3.12,Enrolled,0.98410827,High Risk,Social Service
1,43,1,9085,1,1,130.0,1,19,38,4,9,130.0,1,0,0,0,0,0,19,0,0,6,12,5,13.0,0,0,6,12,3,11.666666666666666,0,13.9,-0.3,0.79,Enrolled,0.9838051,High Risk,Veterinary Nursing
1,17,1,9147,1,1,118.0,1,1,38,9,9,118.4,1,0,0,1,1,0,19,0,0,5,10,2,10.5,0,0,5,5,4,11.75,0,12.4,0.5,1.79,Enrolled,0.9836008,High Risk,Management
1,39,1,9119,1,19,133.1,1,19,19,5,3,100.9,1,0,0,1,1,0,24,0,0,5,9,1,12.0,0,0,5,6,3,10.5,0,10.8,1.4,1.74,Enrolled,0.9834804,High Risk,Informatics Engineering
1,44,1,9003,1,39,140.0,1,38,1,134,134,140.0,1,0,1,1,1,0,26,0,0,6,6,0,0.0,0,0,6,7,0,0.0,0,8.9,1.4,3.51,Enrolled,0.9833807,High Risk,Agronomy
1,1,1,9147,1,1,126.0,1,19,19,9,9,115.2,0,0,1,1,0,0,19,0,0,5,13,1,10.0,0,0,5,8,2,10.0,0,12.4,0.5,1.79,Enrolled,0.98251706,High Risk,Management
1,53,1,9085,1,42,130.0,1,19,1,9,9,130.0,1,0,1,0,0,0,24,0,7,9,9,8,13.125,0,4,9,13,6,13.0,0,8.9,1.4,3.51,Enrolled,0.98238385,High Risk,Veterinary Nursing
1,43,4,9670,1,1,117.0,1,3,3,4,4,113.2,0,0,0,1,1,0,21,0,0,5,11,2,10.0,0,0,5,10,3,10.333333333333334,0,9.4,-0.8,-3.12,Enrolled,0.9819344,High Risk,Advertising & Marketing
1,44,1,9130,1,39,140.0,1,19,19,5,5,140.0,1,0,1,0,0,0,20,0,1,6,11,3,12.0,0,0,6,11,2,11.0,0,12.4,0.5,1.79,Enrolled,0.98183006,High Risk,Equinculture
1,17,1,9254,1,1,136.0,1,37,37,7,7,121.7,1,0,0,1,0,0,20,0,0,6,13,3,10.333333333333334,0,0,6,12,3,10.333333333333334,0,10.8,1.4,1.74,Enrolled,0.98128843,High Risk,Tourism
1,53,1,9670,1,42,140.0,1,19,37,3,6,140.0,1,0,1,1,0,0,21,0,0,6,12,1,12.0,0,0,6,11,1,11.0,0,8.9,1.4,3.51,Enrolled,0.98106295,High Risk,Advertising & Marketing
1,1,1,9070,1,1,124.0,1,19,19,7,9,132.1,1,0,0,1,0,0,19,0,0,6,10,2,10.5,0,0,6,6,3,11.0,0,7.6,2.6,0.32,Enrolled,0.98096806,High Risk,Communication Design
1,17,1,9147,1,1,148.0,1,38,37,5,5,134.0,0,0,0,1,1,0,18,0,0,5,9,0,0.0,0,0,5,5,0,0.0,0,7.6,2.6,0.32,Enrolled,0.9796892,High Risk,Management
1,51,1,9147,1,1,116.0,1,3,3,2,2,115.2,0,0,1,1,1,0,32,0,2,7,16,3,12.0,0,3,8,10,3,10.333333333333334,0,8.9,1.4,3.51,Enrolled,0.9792677,High Risk,Management
1,1,1,8014,0,1,120.0,1,1,37,7,3,122.8,0,0,0,1,0,0,23,0,0,6,13,2,10.0,0,0,5,12,1,10.0,0,9.4,-0.8,-3.12,Enrolled,0.9790506,High Risk,Social Service (Evening)
1,17,1,9147,1,1,115.0,1,19,19,7,7,115.0,1,0,0,1,0,0,23,0,0,5,7,2,10.0,1,0,5,9,1,12.0,0,9.4,-0.8,-3.12,Enrolled,0.9790189,High Risk,Management
1,17,1,9147,1,1,139.0,1,1,38,6,6,143.6,1,0,1,1,1,0,18,0,0,5,9,0,0.0,0,0,5,5,0,0.0,0,7.6,2.6,0.32,Enrolled,0.9786269,High Risk,Management
1,44,1,9119,1,39,130.0,1,3,19,3,4,130.0,0,0,0,1,1,0,20,0,0,5,12,1,13.0,0,0,5,8,3,12.6,0,12.4,0.5,1.79,Enrolled,0.9785826,High Risk,Informatics Engineering
1,39,1,9085,1,1,140.0,1,37,19,191,163,129.3,1,0,1,1,0,0,28,0,0,6,17,0,0.0,0,0,6,6,0,0.0,0,8.9,1.4,3.51,Enrolled,0.9780496,High Risk,Veterinary Nursing
1,15,1,9119,1,1,160.0,32,1,3,143,152,160.0,0,0,1,1,0,0,19,1,0,6,11,2,13.5,1,0,5,11,2,11.0,0,8.9,1.4,3.51,Enrolled,0.9778146,High Risk,Informatics Engineering
1,1,3,9500,1,1,136.0,1,1,1,4,4,127.0,1,0,0,1,0,0,19,0,0,8,10,1,13.67,7,0,8,10,1,13.67,7,9.4,-0.8,-3.12,Enrolled,0.97779536,High Risk,Nursing
1,15,1,9500,1,1,190.0,108,3,2,122,4,190.0,1,0,0,1,0,0,18,1,0,7,15,4,11.575,0,0,7,10,5,12.419999999999998,0,12.4,0.5,1.79,Enrolled,0.97759444,High Risk,Nursing
1,17,1,9670,1,1,109.0,1,1,1,4,4,108.0,0,0,0,1,1,0,19,0,0,5,10,0,0.0,0,0,5,5,0,0.0,0,7.6,2.6,0.32,Enrolled,0.97714144,High Risk,Advertising & Marketing
2,39,1,9991,0,1,120.0,1,37,37,9,10,170.0,0,0,0,1,0,0,34,0,0,5,12,2,11.5,0,0,5,9,4,11.75,0,9.4,-0.8,-3.12,Enrolled,0.976503,High Risk,Management (Evening)
1,1,1,9853,1,1,160.0,1,1,37,9,9,146.0,1,0,0,1,0,0,19,0,0,6,11,3,10.333333333333334,0,0,6,10,5,11.8,0,9.4,-0.8,-3.12,Enrolled,0.9763115,High Risk,Basic Education
1,44,1,9119,1,39,130.0,1,38,19,9,5,130.0,1,0,0,1,1,0,19,0,0,5,9,2,12.5,0,0,5,10,3,11.6,0,12.4,0.5,1.79,Enrolled,0.97616506,High Risk,Informatics Engineering
1,44,1,9085,1,39,130.0,1,2,2,6,6,130.0,0,0,0,0,1,0,20,0,2,6,10,5,13.2,0,1,6,21,3,12.0,0,12.4,0.5,1.79,Enrolled,0.9756257,High Risk,Veterinary Nursing
1,1,2,9853,1,1,121.0,1,38,38,7,5,120.0,1,0,0,1,0,0,18,0,0,6,10,3,12.0,0,0,6,8,4,10.25,0,10.8,1.4,1.74,Enrolled,0.97517496,High Risk,Basic Education
1,17,6,9147,1,1,120.0,1,37,38,9,9,115.5,1,0,1,0,1,0,19,0,0,5,8,4,12.5,0,0,5,9,5,10.5,0,8.9,1.4,3.51,Enrolled,0.97442055,High Risk,Management
1,17,2,9238,1,1,118.0,1,1,19,4,10,110.7,1,1,0,1,0,0,18,0,0,6,15,2,10.333333333333334,3,0,6,13,3,13.333333333333334,0,12.7,3.7,-1.7,Enrolled,0.9741168,High Risk,Social Service
1,1,4,9147,1,1,133.1,1,1,19,4,6,106.0,1,0,0,1,0,0,24,0,0,5,11,2,10.5,0,0,5,14,1,11.0,0,12.7,3.7,-1.7,Enrolled,0.97396165,High Risk,Management
1,1,1,9991,0,1,131.0,1,19,37,9,9,118.4,1,0,0,1,0,0,20,0,0,5,10,0,0.0,0,0,5,10,0,0.0,3,7.6,2.6,0.32,Enrolled,0.97388226,High Risk,Management (Evening)
1,17,1,9119,1,1,142.0,1,19,38,9,7,127.3,0,0,0,1,1,0,18,0,0,5,10,3,11.0,0,0,5,6,3,11.0,1,16.2,0.3,-0.92,Enrolled,0.97362715,High Risk,Informatics Engineering
1,43,1,9773,1,1,119.0,1,19,37,5,5,105.0,1,0,0,1,0,0,23,0,0,6,11,3,11.333333333333334,0,0,6,7,2,11.0,0,16.2,0.3,-0.92,Enrolled,0.9724273,High Risk,Journalism
1,1,1,9773,1,1,127.0,1,37,37,9,8,123.2,1,0,0,1,0,0,18,0,0,6,12,1,11.0,0,0,6,12,0,0.0,0,9.4,-0.8,-3.12,Enrolled,0.9723412,High Risk,Journalism
1,17,1,9147,1,1,139.0,1,38,38,7,5,133.4,0,0,0,1,0,0,18,0,0,5,9,1,11.0,1,0,5,10,0,0.0,0,9.4,-0.8,-3.12,Enrolled,0.9717772,High Risk,Management
1,15,1,9147,1,1,133.1,21,1,3,192,3,100.0,0,0,1,1,1,0,40,1,0,5,10,1,11.0,0,0,5,10,1,10.0,0,11.1,0.6,2.02,Enrolled,0.97155184,High Risk,Management
1,17,1,9670,1,1,115.0,1,19,19,191,171,109.1,0,0,1,0,1,0,21,0,0,6,11,4,12.25,0,0,6,9,4,13.4,0,11.1,0.6,2.02,Enrolled,0.97099125,High Risk,Advertising & Marketing
1,1,1,9070,1,1,125.0,1,1,1,4,4,132.0,0,0,0,0,0,0,18,0,1,6,10,5,12.2,1,0,6,11,4,10.833333333333334,0,13.9,-0.3,0.79,Enrolled,0.97025675,High Risk,Communication Design
1,18,1,9500,1,1,128.0,1,19,1,9,4,125.8,0,0,0,1,0,1,20,0,0,8,8,0,0.0,8,0,8,8,0,0.0,8,9.4,-0.8,-3.12,Enrolled,0.96936923,High Risk,Nursing
1,43,1,9773,1,1,128.0,1,19,38,9,7,124.2,1,0,0,1,1,0,22,0,0,6,17,3,11.333333333333334,3,0,6,14,3,12.333333333333334,0,15.5,2.8,-4.06,Enrolled,0.9690629,High Risk,Journalism
1,44,1,9119,1,39,140.0,1,5,41,3,2,140.0,0,0,0,1,1,0,23,0,3,7,12,3,14.0,0,1,6,12,1,14.0,0,12.4,0.5,1.79,Enrolled,0.96889067,High Risk,Informatics Engineering
1,39,1,9003,1,1,133.1,1,37,37,3,8,130.0,0,0,1,1,0,1,30,0,0,6,6,0,0.0,0,0,6,6,0,0.0,0,11.1,0.6,2.02,Enrolled,0.9688336,High Risk,Agronomy
1,43,1,9773,1,1,121.0,1,1,1,4,5,121.0,1,0,0,1,1,0,23,0,0,6,15,1,13.0,0,0,6,8,4,11.25,0,9.4,-0.8,-3.12,Enrolled,0.9685857,High Risk,Journalism
1,1,1,9254,1,1,154.0,1,3,1,2,1,137.2,0,0,0,1,1,0,20,0,0,6,12,3,10.0,0,0,6,9,5,10.8,0,15.5,2.8,-4.06,Enrolled,0.9682782,High Risk,Tourism
1,1,1,9500,1,1,103.0,1,1,19,9,9,108.3,0,0,0,1,0,1,20,0,0,7,14,0,0.0,0,0,7,15,0,0.0,0,11.1,0.6,2.02,Enrolled,0.9673263,High Risk,Nursing
2,39,2,9556,1,1,110.0,1,19,38,9,9,112.8,0,0,0,1,0,1,26,0,0,7,7,0,0.0,0,0,8,8,0,0.0,6,10.8,1.4,1.74,Enrolled,0.96721405,High Risk,Oral Hygiene
1,1,1,9119,1,1,160.0,1,37,37,9,6,153.7,0,0,0,1,1,0,19,0,0,5,7,1,13.0,0,0,5,7,2,10.0,0,9.4,-0.8,-3.12,Enrolled,0.9671682,High Risk,Informatics Engineering
1,1,1,9119,1,1,128.0,1,38,38,9,7,124.5,1,0,0,1,1,0,19,0,0,5,10,3,10.666666666666666,0,0,5,9,2,14.0,2,7.6,2.6,0.32,Enrolled,0.9670155,High Risk,Informatics Engineering
1,44,1,9254,1,39,130.0,1,39,39,194,193,130.0,1,0,1,1,1,0,23,0,0,6,12,3,11.5,0,0,6,12,3,10.666666666666666,0,8.9,1.4,3.51,Enrolled,0.96627295,High Risk,Tourism
1,17,1,9853,1,1,138.0,1,38,38,7,6,124.7,1,0,0,1,0,0,18,0,0,6,11,3,12.333333333333334,0,0,6,10,5,10.833333333333334,0,9.4,-0.8,-3.12,Enrolled,0.9662289,High Risk,Basic Education
1,39,1,8014,0,1,140.0,1,19,1,9,8,105.0,0,0,0,1,0,0,26,0,0,6,14,3,10.666666666666666,1,0,6,9,5,11.2,0,15.5,2.8,-4.06,Enrolled,0.9658273,High Risk,Social Service (Evening)
1,39,1,9500,1,1,133.1,1,19,19,5,6,121.4,0,0,1,1,0,0,28,0,0,7,12,4,13.375,0,0,7,7,5,13.5,0,13.9,-0.3,0.79,Enrolled,0.96493185,High Risk,Nursing
1,18,4,9119,1,1,134.0,1,19,38,194,175,124.9,1,0,1,1,1,0,18,0,0,5,11,3,10.666666666666666,0,0,5,9,3,11.333333333333334,0,8.9,1.4,3.51,Enrolled,0.96483463,High Risk,Informatics Engineering
1,43,3,9254,1,1,135.0,1,3,3,2,2,122.1,0,0,0,1,1,0,19,0,0,6,14,3,12.5,0,0,6,9,4,11.0,0,12.7,3.7,-1.7,Enrolled,0.96462214,High Risk,Tourism
1,17,2,9147,1,1,118.0,1,19,1,9,3,113.5,1,0,1,1,0,0,20,0,0,5,10,2,11.5,0,0,5,8,3,10.0,0,11.1,0.6,2.02,Enrolled,0.96439636,High Risk,Management
1,1,1,9853,1,1,133.1,1,19,37,9,9,95.0,1,0,1,0,0,0,22,0,0,7,10,6,11.5,0,0,7,8,6,13.166666666666666,0,11.1,0.6,2.02,Enrolled,0.9641694,High Risk,Basic Education
1,17,2,9853,1,1,150.0,1,37,37,5,6,132.5,1,0,0,1,0,0,22,0,0,6,9,4,12.25,0,0,6,8,5,11.6,0,10.8,1.4,1.74,Enrolled,0.96405435,High Risk,Basic Education
1,43,1,9500,1,1,136.0,1,19,37,173,183,118.4,1,0,0,1,0,0,21,0,0,7,12,4,13.125,0,0,7,8,6,12.333333333333334,0,13.9,-0.3,0.79,Enrolled,0.9627893,High Risk,Nursing
1,18,1,9254,1,1,118.0,1,38,38,5,5,123.3,1,0,0,1,1,0,26,0,0,6,10,4,10.0,0,0,6,11,3,12.0,0,9.4,-0.8,-3.12,Enrolled,0.9626996,High Risk,Tourism
4,39,1,9991,0,1,133.1,1,37,37,9,9,130.4,0,0,0,1,0,0,30,0,0,5,10,3,10.666666666666666,0,0,5,8,5,10.4,0,12.7,3.7,-1.7,Enrolled,0.961791,High Risk,Management (Evening)
1,17,1,9085,1,1,120.0,1,19,38,4,8,122.5,0,0,0,0,1,0,19,0,0,6,11,5,13.6,0,0,6,11,5,13.666666666666666,0,11.1,0.6,2.02,Enrolled,0.96152693,High Risk,Veterinary Nursing
1,1,5,9147,1,1,125.0,1,37,38,7,7,122.2,1,0,0,1,0,0,18,0,0,5,9,1,11.0,0,0,5,9,2,12.5,0,7.6,2.6,0.32,Enrolled,0.96149695,High Risk,Management
1,1,2,9119,1,1,149.0,1,38,38,5,5,141.0,0,0,0,1,1,0,18,0,0,5,9,2,11.666666666666666,0,0,5,9,2,12.5,2,7.6,2.6,0.32,Enrolled,0.96117413,High Risk,Informatics Engineering
1,1,1,9147,1,1,143.0,1,1,1,4,6,138.8,0,0,0,0,1,0,18,0,0,5,9,3,11.333333333333334,0,0,5,8,2,13.5,0,8.9,1.4,3.51,Enrolled,0.9602883,High Risk,Management
1,17,5,9119,1,1,138.0,1,19,19,5,5,123.3,1,0,1,1,1,0,18,0,0,5,9,4,12.5,0,0,5,11,5,11.285714285714286,0,12.4,0.5,1.79,Enrolled,0.9596452,High Risk,Informatics Engineering
1,1,3,9147,1,1,124.0,1,1,1,5,3,116.7,1,0,0,1,1,0,19,0,0,5,6,0,0.0,0,0,5,6,0,0.0,0,7.6,2.6,0.32,Enrolled,0.9585439,High Risk,Management
1,1,1,9130,1,1,138.0,1,4,5,2,2,123.0,1,0,0,1,0,0,21,0,0,5,12,1,11.0,0,0,5,9,2,10.5,0,12.7,3.7,-1.7,Enrolled,0.95839643,High Risk,Equinculture
4,7,1,9500,1,40,130.0,1,37,37,3,3,130.0,1,0,0,1,0,0,32,0,0,7,16,4,13.625,0,0,7,8,7,12.6375,0,12.4,0.5,1.79,Enrolled,0.95780265,High Risk,Nursing
1,17,1,9147,1,1,162.0,1,1,38,4,5,138.6,1,0,0,1,0,0,19,0,0,5,10,1,11.0,0,0,5,13,0,0.0,0,12.7,3.7,-1.7,Enrolled,0.9565999,High Risk,Management
1,17,1,9853,1,1,127.0,1,38,37,5,7,121.8,1,0,1,1,0,0,18,0,0,6,12,4,13.5,0,0,6,14,3,10.666666666666666,0,10.8,1.4,1.74,Enrolled,0.95570564,High Risk,Basic Education
1,17,2,9238,1,1,133.0,1,2,1,3,4,136.2,1,0,0,1,0,0,19,0,0,6,14,1,11.5,0,0,6,12,2,10.5,0,7.6,2.6,0.32,Enrolled,0.95482063,High Risk,Social Service
1,18,1,9238,1,1,137.0,1,19,38,5,8,137.4,1,0,0,1,0,0,18,0,0,6,10,1,12.0,0,0,6,14,2,11.0,0,10.8,1.4,1.74,Enrolled,0.9547377,High Risk,Social Service
3,39,1,9003,1,1,170.0,1,1,37,6,6,170.0,0,0,1,1,0,0,47,0,0,1,1,0,0.0,0,0,6,0,0,0.0,0,8.9,1.4,3.51,Enrolled,0.95401305,High Risk,Agronomy
1,1,1,9991,0,1,122.0,1,37,37,9,3,113.6,0,0,0,1,1,0,26,0,0,5,11,2,11.5,0,0,5,10,3,12.0,0,7.6,2.6,0.32,Enrolled,0.9531468,High Risk,Management (Evening)
1,39,1,9991,0,1,120.0,1,38,1,9,4,123.2,0,0,0,1,0,0,27,0,0,5,9,3,10.666666666666666,0,0,5,7,4,11.4,0,10.8,1.4,1.74,Enrolled,0.9529045,High Risk,Management (Evening)
1,1,1,9238,1,1,135.0,1,19,38,7,5,121.0,0,0,0,1,0,0,20,0,0,6,13,1,10.0,0,0,6,13,1,13.0,0,9.4,-0.8,-3.12,Enrolled,0.9528377,High Risk,Social Service
1,43,1,9070,1,1,117.0,1,1,1,4,7,112.5,1,0,0,1,1,0,19,0,3,6,7,3,11.666666666666666,0,1,6,13,4,10.333333333333334,0,13.9,-0.3,0.79,Enrolled,0.952837,High Risk,Communication Design
1,39,1,9119,1,1,150.0,1,1,38,3,5,120.0,0,0,0,1,1,0,24,0,0,5,6,3,10.666666666666666,0,0,5,9,2,10.5,0,15.5,2.8,-4.06,Enrolled,0.95264393,High Risk,Informatics Engineering
1,43,1,9556,1,1,126.0,1,2,3,3,2,100.0,0,0,0,1,0,0,25,0,2,7,10,3,13.0,0,1,8,10,3,11.666666666666666,4,10.8,1.4,1.74,Enrolled,0.9519851,High Risk,Oral Hygiene
1,1,1,9119,1,1,131.0,1,3,1,4,1,135.9,0,0,0,1,1,0,18,0,0,5,10,2,14.0,0,0,5,7,3,11.0,1,7.6,2.6,0.32,Enrolled,0.9518394,High Risk,Informatics Engineering
1,16,2,9070,1,1,133.0,1,1,3,4,2,122.5,1,0,0,1,0,0,18,0,0,6,11,1,11.0,1,0,6,11,4,11.0,4,7.6,2.6,0.32,Enrolled,0.95165503,High Risk,Communication Design
1,1,3,9500,1,1,126.0,1,1,19,131,181,120.1,1,0,0,1,0,0,19,0,0,7,12,4,13.375,0,0,7,8,6,12.116666666666667,0,12.4,0.5,1.79,Enrolled,0.94941247,High Risk,Nursing
2,42,1,9991,0,1,130.0,1,3,2,2,2,130.0,0,0,0,1,1,0,27,0,2,2,2,2,12.5,0,0,5,6,2,12.5,0,12.7,3.7,-1.7,Enrolled,0.9486144,High Risk,Management (Evening)
1,39,1,9991,0,1,130.0,1,37,37,9,9,130.1,0,0,0,1,0,0,25,0,0,5,8,3,11.0,0,0,5,8,3,11.25,0,10.8,1.4,1.74,Enrolled,0.94717747,High Risk,Management (Evening)
1,1,1,9147,1,1,117.0,1,37,37,9,9,120.2,1,0,0,1,0,0,20,0,0,5,9,2,10.0,0,0,5,10,2,11.0,0,7.6,2.6,0.32,Enrolled,0.9467411,High Risk,Management
1,18,1,9773,1,1,125.0,1,19,37,9,5,122.2,0,0,0,0,0,0,18,0,0,6,7,5,12.6,0,0,6,6,5,11.8,0,11.1,0.6,2.02,Enrolled,0.9454967,High Risk,Journalism
2,43,1,9085,1,1,160.0,1,37,37,9,7,120.0,0,0,0,1,1,0,21,0,0,5,11,0,0.0,2,0,5,11,3,11.666666666666666,1,9.4,-0.8,-3.12,Enrolled,0.9448133,High Risk,Veterinary Nursing
1,43,1,9130,1,1,127.0,1,19,38,4,5,120.7,1,0,1,1,0,0,18,0,0,5,11,1,12.0,0,0,5,9,3,12.0,0,12.7,3.7,-1.7,Enrolled,0.9429988,High Risk,Equinculture
1,17,2,9853,1,1,114.0,1,1,1,4,0,108.8,1,0,0,1,0,0,18,0,0,7,11,5,11.4,0,0,7,9,6,13.333333333333334,0,13.9,-0.3,0.79,Enrolled,0.94232583,High Risk,Basic Education
1,17,5,9147,1,1,127.0,1,1,38,4,5,124.6,1,0,0,1,0,1,19,0,0,5,12,2,10.0,0,0,5,11,4,11.75,0,11.1,0.6,2.02,Enrolled,0.94223636,High Risk,Management
1,53,1,9085,1,42,140.0,1,19,38,8,9,144.9,1,0,1,0,0,0,23,0,7,11,18,11,13.166666666666666,0,4,9,15,8,13.333333333333334,0,8.9,1.4,3.51,Enrolled,0.9421334,High Risk,Veterinary Nursing
1,1,3,9119,1,1,133.0,1,3,1,3,4,121.8,1,0,0,1,1,0,18,0,0,5,9,4,12.0,0,0,5,10,2,11.0,0,8.9,1.4,3.51,Enrolled,0.9416624,High Risk,Informatics Engineering
4,39,1,9085,1,1,140.0,1,37,37,9,9,154.6,0,0,0,0,0,1,44,0,0,6,12,4,12.75,0,0,6,15,2,10.0,0,8.9,1.4,3.51,Enrolled,0.9414063,High Risk,Veterinary Nursing
1,1,1,9500,1,1,133.0,1,3,19,2,8,126.7,0,0,0,1,0,0,19,0,0,7,12,4,12.45,0,0,7,11,5,11.7,0,16.2,0.3,-0.92,Enrolled,0.9412219,High Risk,Nursing
1,1,2,9238,1,1,145.0,1,1,19,4,8,121.4,0,0,0,1,0,0,20,0,0,6,13,0,0.0,0,0,5,11,0,0.0,0,9.4,-0.8,-3.12,Enrolled,0.9411997,High Risk,Social Service
1,17,1,9147,1,1,116.0,1,3,1,3,4,115.7,0,0,0,0,1,0,22,0,0,5,10,4,11.5,0,0,5,11,4,14.0,0,8.9,1.4,3.51,Enrolled,0.9402293,High Risk,Management
1,17,1,9147,1,1,130.0,1,19,1,7,4,117.8,1,0,0,1,1,0,20,0,0,5,8,3,11.0,0,0,5,11,3,12.0,0,10.8,1.4,1.74,Enrolled,0.9390009,High Risk,Management
1,43,1,9147,1,1,123.0,1,37,38,7,7,110.0,0,0,0,1,1,0,25,0,0,5,12,3,11.0,1,0,5,12,4,11.5,0,9.4,-0.8,-3.12,Enrolled,0.9389805,High Risk,Management
1,43,1,9130,1,1,130.0,1,1,1,1,1,130.0,1,0,0,1,1,0,33,0,0,5,12,1,13.0,2,0,5,7,3,14.0,0,9.4,-0.8,-3.12,Enrolled,0.9384535,High Risk,Equinculture
2,39,2,9991,0,1,150.0,1,37,37,9,9,120.0,0,0,0,1,0,0,43,0,0,5,11,3,10.666666666666666,0,1,5,10,4,12.5,0,9.4,-0.8,-3.12,Enrolled,0.93840647,High Risk,Management (Evening)
1,17,1,9853,1,1,146.0,1,1,1,3,4,128.2,0,0,1,1,0,0,18,0,0,6,8,4,13.25,0,0,6,10,3,10.666666666666666,0,12.7,3.7,-1.7,Enrolled,0.93684465,High Risk,Basic Education
5,39,1,9119,1,1,120.0,1,37,37,9,9,116.0,0,0,1,1,1,1,34,0,0,5,14,1,17.0,0,0,5,10,2,11.0,0,9.4,-0.8,-3.12,Enrolled,0.93547267,High Risk,Informatics Engineering
1,1,1,9238,1,1,133.0,1,38,1,2,4,126.0,0,0,0,1,0,0,20,0,0,6,11,1,12.0,0,0,5,10,0,0.0,0,9.4,-0.8,-3.12,Enrolled,0.9354393,High Risk,Social Service
1,43,2,9853,1,1,118.0,1,19,1,5,4,110.0,1,0,0,1,0,0,20,0,0,6,10,4,12.25,0,0,6,8,4,11.5,0,10.8,1.4,1.74,Enrolled,0.93397576,High Risk,Basic Education
1,1,1,9147,1,1,129.0,1,37,38,4,9,121.0,1,0,0,1,0,0,18,0,0,5,8,2,10.5,0,0,5,7,3,12.333333333333334,0,7.6,2.6,0.32,Enrolled,0.93246955,High Risk,Management
1,17,2,9254,1,1,118.0,1,19,19,5,7,121.2,0,0,0,1,1,1,18,0,0,6,12,3,10.666666666666666,0,0,6,9,4,12.0,0,15.5,2.8,-4.06,Enrolled,0.93225455,High Risk,Tourism
1,1,1,9853,1,1,123.0,1,1,38,9,6,121.6,1,0,0,1,0,0,18,0,0,7,12,5,12.0,0,0,7,9,6,12.666666666666666,0,11.1,0.6,2.02,Enrolled,0.93211675,High Risk,Basic Education
1,1,1,9254,1,1,123.0,1,38,37,5,5,125.1,0,0,0,1,0,0,19,0,0,6,12,4,11.0,0,0,6,6,4,12.5,0,16.2,0.3,-0.92,Enrolled,0.9302938,High Risk,Tourism
1,1,1,9119,1,1,146.0,1,37,37,9,9,148.5,1,0,0,1,1,0,18,0,0,5,7,4,10.0,0,0,5,8,1,16.0,0,10.8,1.4,1.74,Enrolled,0.9297618,High Risk,Informatics Engineering
4,39,1,9991,0,1,150.0,1,37,38,9,9,146.2,0,0,0,1,0,0,30,0,0,5,11,3,10.333333333333334,0,0,5,10,4,12.8,0,12.4,0.5,1.79,Enrolled,0.9284484,High Risk,Management (Evening)
1,1,1,9085,1,1,133.1,1,3,1,4,9,105.0,1,0,0,1,1,0,21,0,0,6,15,3,11.25,0,0,6,9,0,0.0,0,12.4,0.5,1.79,Enrolled,0.9283757,High Risk,Veterinary Nursing
1,43,2,9500,1,1,136.0,1,19,1,9,10,124.1,0,0,0,1,1,1,21,0,0,8,8,0,0.0,8,0,8,8,0,0.0,8,9.4,-0.8,-3.12,Enrolled,0.92726165,High Risk,Nursing
1,17,1,9238,1,1,130.0,1,37,37,9,9,122.0,1,0,0,1,0,1,21,0,0,6,8,1,10.0,0,0,6,13,5,11.4,0,12.7,3.7,-1.7,Enrolled,0.92658496,High Risk,Social Service
1,43,2,9147,1,1,131.0,1,19,37,5,9,123.7,1,0,0,1,0,0,18,0,0,5,10,1,14.0,0,0,5,10,1,14.0,0,7.6,2.6,0.32,Enrolled,0.92434204,High Risk,Management
1,39,1,9085,1,1,133.1,1,3,3,4,2,144.9,1,0,0,1,0,0,26,0,0,6,11,3,11.75,0,0,6,19,4,12.8,0,12.4,0.5,1.79,Enrolled,0.9237177,High Risk,Veterinary Nursing
1,1,1,9119,1,1,163.0,1,19,37,5,8,150.8,1,0,0,1,1,0,18,0,0,5,9,4,10.5,0,0,5,11,2,10.5,3,7.6,2.6,0.32,Enrolled,0.92279166,High Risk,Informatics Engineering
1,44,1,9003,1,39,130.0,1,3,3,7,1,130.0,1,0,0,1,1,0,20,0,0,6,12,4,11.6,0,0,6,11,5,11.5,0,15.5,2.8,-4.06,Enrolled,0.92138237,High Risk,Agronomy
1,1,1,9147,1,1,135.0,1,38,19,9,5,126.3,0,0,0,1,1,0,18,0,0,5,11,2,13.5,0,0,5,11,3,12.333333333333334,0,8.9,1.4,3.51,Enrolled,0.9210791,High Risk,Management
1,1,1,9147,1,1,130.0,1,19,37,9,9,131.8,1,0,0,1,0,1,19,0,0,5,8,2,10.5,0,0,5,11,3,13.333333333333334,0,7.6,2.6,0.32,Enrolled,0.91932875,High Risk,Management
1,42,1,9147,1,1,139.0,1,3,38,2,5,112.3,1,0,0,1,0,0,19,0,0,5,8,2,11.5,0,0,5,10,3,10.857142857142858,0,10.8,1.4,1.74,Enrolled,0.9190042,High Risk,Management
1,39,1,9500,1,19,133.1,1,37,38,151,161,143.7,0,0,0,1,0,0,27,0,0,7,12,4,14.0,0,0,7,14,3,12.525,0,12.4,0.5,1.79,Enrolled,0.9182736,High Risk,Nursing
1,43,1,9085,1,1,170.0,1,19,19,5,1,170.0,1,0,0,1,0,0,19,0,0,5,5,0,0.0,5,0,5,7,4,14.75,1,12.7,3.7,-1.7,Enrolled,0.91733235,High Risk,Veterinary Nursing
1,1,1,9130,1,1,130.0,1,2,3,9,1,117.6,0,0,0,1,1,0,19,0,0,5,14,2,11.5,2,0,5,8,5,11.4,3,9.4,-0.8,-3.12,Enrolled,0.9167492,High Risk,Equinculture
1,39,1,9119,1,1,130.0,1,37,3,9,3,137.0,1,0,0,1,1,0,28,0,0,5,11,4,10.5,0,0,5,12,4,11.0,4,7.6,2.6,0.32,Enrolled,0.9148567,High Risk,Informatics Engineering
1,1,2,9147,1,1,116.0,1,37,1,5,3,124.8,1,0,0,1,1,0,20,0,0,5,9,2,14.333333333333334,0,0,5,10,2,12.5,0,7.6,2.6,0.32,Enrolled,0.914506,High Risk,Management
1,43,1,33,1,1,143.0,1,37,1,9,10,121.2,1,0,0,1,1,0,25,0,5,10,13,5,11.6,0,2,8,10,2,13.0,0,12.4,0.5,1.79,Enrolled,0.9139643,High Risk,Biofuel Production
1,1,1,9853,1,1,145.0,1,38,37,5,5,142.2,0,0,0,1,0,0,19,0,0,6,9,4,12.5,0,0,6,9,5,12.5,0,9.4,-0.8,-3.12,Enrolled,0.9117079,High Risk,Basic Education
1,1,3,9254,1,1,121.0,1,19,19,9,9,125.9,1,0,0,1,0,0,22,0,0,6,10,4,10.0,0,0,6,12,2,13.5,0,9.4,-0.8,-3.12,Enrolled,0.9110368,High Risk,Tourism
1,1,5,9119,1,1,131.0,1,1,19,4,7,126.8,0,0,0,0,1,1,18,0,0,5,6,5,12.2,0,0,5,8,4,12.0,0,8.9,1.4,3.51,Enrolled,0.9107796,High Risk,Informatics Engineering
1,1,2,9147,1,1,130.0,1,37,37,9,9,117.8,0,0,0,1,0,0,18,0,0,5,8,2,10.0,0,0,5,9,3,11.333333333333334,0,7.6,2.6,0.32,Enrolled,0.90853506,High Risk,Management
1,17,1,9991,0,1,154.0,1,38,38,4,5,134.1,0,0,0,1,0,0,24,0,0,5,9,2,11.5,0,0,5,11,3,14.333333333333334,1,7.6,2.6,0.32,Enrolled,0.9067044,High Risk,Management (Evening)
1,43,1,9556,1,1,147.0,1,3,4,3,2,100.0,0,0,0,1,0,0,18,0,0,2,2,0,0.0,0,0,4,4,1,16.0,0,10.8,1.4,1.74,Enrolled,0.9064317,High Risk,Oral Hygiene
1,1,1,9853,1,1,133.0,1,37,19,7,7,126.7,1,0,0,1,0,0,18,0,0,6,9,5,11.833333333333334,0,0,6,6,4,12.0,0,15.5,2.8,-4.06,Enrolled,0.90411115,High Risk,Basic Education
1,1,6,9500,1,1,120.0,41,1,1,9,6,114.8,1,0,0,1,0,0,21,1,0,7,11,4,13.25,0,0,7,9,5,13.82,0,11.1,0.6,2.02,Enrolled,0.9035543,High Risk,Nursing
1,1,4,9500,1,1,118.0,1,19,19,3,3,110.0,1,0,0,1,0,0,19,0,0,7,12,4,12.85,0,0,7,7,7,12.62142857142857,0,11.1,0.6,2.02,Enrolled,0.90212786,High Risk,Nursing
1,1,1,9085,1,1,131.0,1,37,37,9,6,130.7,0,0,1,1,0,0,21,0,0,5,9,2,11.5,0,0,5,13,4,11.0,1,10.8,1.4,1.74,Enrolled,0.9020591,High Risk,Veterinary Nursing
1,39,1,9991,0,1,120.0,1,38,38,3,3,140.0,0,0,0,1,0,0,25,0,0,5,11,3,10.666666666666666,0,0,5,11,3,11.333333333333334,0,15.5,2.8,-4.06,Enrolled,0.89991826,High Risk,Management (Evening)
1,1,2,9773,1,1,129.0,1,37,37,9,7,117.1,1,0,0,1,0,0,20,0,0,6,12,1,17.0,0,0,6,12,1,17.0,0,9.4,-0.8,-3.12,Enrolled,0.89854234,High Risk,Journalism
1,1,1,9130,1,1,143.0,1,3,3,2,10,141.3,0,0,1,0,0,0,23,0,0,6,10,6,14.0,0,0,6,11,4,13.0,0,11.1,0.6,2.02,Enrolled,0.8941661,High Risk,Equinculture
1,17,1,9119,1,1,131.0,1,1,3,9,10,123.7,1,0,0,1,1,0,20,0,0,5,7,4,12.0,0,0,5,8,2,12.5,0,10.8,1.4,1.74,Enrolled,0.89333,High Risk,Informatics Engineering
1,1,1,171,1,1,133.1,1,1,37,9,9,117.0,0,0,1,1,1,0,19,0,0,0,0,0,0.0,0,0,0,0,0,0.0,0,15.5,2.8,-4.06,Enrolled,0.8914898,High Risk,Animation & Multimedia
1,1,1,9238,1,1,107.0,1,19,37,7,7,103.5,1,0,0,1,0,0,20,0,0,6,13,3,11.2,0,0,6,9,4,12.0,0,16.2,0.3,-0.92,Enrolled,0.8913983,High Risk,Social Service
4,39,1,9853,1,19,133.1,1,38,19,9,9,108.0,0,0,1,0,0,0,33,0,0,7,7,7,12.857142857142858,0,0,7,8,6,12.666666666666666,0,8.9,1.4,3.51,Enrolled,0.89085627,High Risk,Basic Education
1,39,1,9500,1,1,120.0,1,1,2,144,123,125.3,0,0,1,1,1,0,30,0,0,7,12,4,14.4,0,0,7,9,6,13.5,0,12.4,0.5,1.79,Enrolled,0.89023596,High Risk,Nursing
1,5,1,9853,1,1,119.0,1,1,38,5,8,118.3,1,0,0,1,0,0,22,0,0,6,11,3,15.0,0,0,6,11,4,10.25,0,9.4,-0.8,-3.12,Enrolled,0.88980675,High Risk,Basic Education
1,17,2,9773,1,1,124.0,1,1,1,4,4,127.9,1,0,0,1,1,0,20,0,0,6,11,3,13.666666666666666,0,0,6,13,4,10.25,0,9.4,-0.8,-3.12,Enrolled,0.88823295,High Risk,Journalism
1,17,3,9254,1,1,115.0,1,37,19,5,5,109.8,1,0,0,1,0,0,19,0,0,6,8,4,11.25,0,0,6,8,4,12.0,0,10.8,1.4,1.74,Enrolled,0.88722974,High Risk,Tourism
1,17,2,9853,1,1,141.0,1,3,1,1,5,130.2,1,0,0,1,0,0,19,0,0,6,8,5,11.4,1,0,6,7,4,10.75,0,12.7,3.7,-1.7,Enrolled,0.8862591,High Risk,Basic Education
1,18,4,9853,1,1,123.0,1,19,38,4,10,123.7,1,0,0,1,0,0,19,0,0,6,8,5,12.666666666666666,0,0,6,8,5,11.0,0,15.5,2.8,-4.06,Enrolled,0.8835416,High Risk,Basic Education
1,43,1,171,1,1,133.0,1,19,19,5,7,133.0,0,0,0,1,0,0,18,0,0,0,0,0,0.0,0,0,0,0,0,0.0,0,15.5,2.8,-4.06,Enrolled,0.88132334,High Risk,Animation & Multimedia
1,44,1,9085,1,39,130.0,1,3,1,2,9,130.0,1,0,0,1,0,0,21,0,1,6,13,3,11.75,0,1,6,13,5,12.333333333333334,0,12.4,0.5,1.79,Enrolled,0.8789014,High Risk,Veterinary Nursing
1,44,1,9991,0,39,130.0,1,37,37,9,9,130.0,0,0,0,1,0,0,31,0,2,6,12,4,12.25,0,3,7,9,7,12.0,0,9.4,-0.8,-3.12,Enrolled,0.878463,High Risk,Management (Evening)
2,39,1,9500,1,1,133.1,1,37,37,191,172,115.2,0,0,0,1,0,0,48,0,0,7,11,4,11.75,0,0,7,14,3,11.725,0,11.1,0.6,2.02,Enrolled,0.877468,High Risk,Nursing
1,17,4,9119,1,1,139.0,1,37,19,9,4,133.1,1,0,0,1,1,0,18,0,0,5,8,4,12.5,0,0,5,7,3,14.666666666666666,1,7.6,2.6,0.32,Enrolled,0.87698644,High Risk,Informatics Engineering
2,39,1,9147,1,1,120.0,1,37,37,5,5,124.6,0,0,0,1,0,0,36,0,0,5,8,3,11.0,0,0,5,12,4,13.375,0,10.8,1.4,1.74,Enrolled,0.8766105,High Risk,Management
1,1,1,9238,1,1,124.0,1,37,37,7,9,121.2,0,0,0,1,0,0,19,0,0,6,12,2,13.0,0,0,6,9,6,10.833333333333334,0,7.6,2.6,0.32,Enrolled,0.875738,High Risk,Social Service
1,43,1,9238,1,1,109.0,1,19,37,5,5,108.3,0,0,0,1,0,1,21,0,0,6,15,2,10.5,0,0,6,8,5,12.4,0,10.8,1.4,1.74,Enrolled,0.8753672,High Risk,Social Service
1,44,1,9130,1,39,150.0,1,5,1,2,5,150.0,1,0,0,1,1,0,19,0,1,6,13,5,11.6,0,1,6,12,2,11.0,0,13.9,-0.3,0.79,Enrolled,0.87503827,High Risk,Equinculture
2,39,1,9991,0,1,133.1,1,37,19,9,10,150.0,0,0,0,1,1,0,47,0,0,5,8,4,10.0,0,0,5,8,4,12.5,0,9.4,-0.8,-3.12,Enrolled,0.8719317,High Risk,Management (Evening)
2,39,1,9991,0,1,160.0,1,34,34,99,99,114.3,0,0,0,1,1,0,40,0,0,5,9,3,11.0,0,0,5,8,4,12.5,1,7.6,2.6,0.32,Enrolled,0.87148666,High Risk,Management (Evening)
1,17,1,9254,1,1,122.0,1,1,1,4,9,112.9,1,0,0,1,0,0,22,0,0,6,14,4,12.25,0,0,6,11,3,11.333333333333334,0,7.6,2.6,0.32,Enrolled,0.87101114,High Risk,Tourism
1,17,1,9085,1,1,134.0,1,19,37,2,7,131.2,0,0,0,1,0,0,19,0,0,5,8,1,11.0,0,0,5,6,5,11.2,0,7.6,2.6,0.32,Enrolled,0.8707477,High Risk,Veterinary Nursing
1,39,1,9500,1,1,120.0,1,1,3,175,121,105.9,0,0,0,1,0,0,35,0,0,3,4,3,11.816666666666668,0,0,3,3,3,11.333333333333334,0,11.1,0.6,2.02,Enrolled,0.86635786,High Risk,Nursing
1,44,1,9130,1,39,140.0,1,1,19,4,7,140.0,0,0,0,1,1,0,20,0,2,6,12,5,12.4,0,1,6,11,2,15.0,0,13.9,-0.3,0.79,Enrolled,0.8661674,High Risk,Equinculture
1,17,1,9238,1,1,154.0,1,19,37,9,7,140.4,1,0,0,1,0,1,20,0,0,6,13,2,10.0,0,0,6,12,4,10.75,0,7.6,2.6,0.32,Enrolled,0.86456954,High Risk,Social Service
1,44,1,9003,1,39,150.0,1,19,1,1,1,150.0,0,0,0,1,1,0,22,0,0,6,12,3,13.333333333333334,0,0,6,12,3,12.75,0,15.5,2.8,-4.06,Enrolled,0.86233777,High Risk,Agronomy
1,39,1,9500,1,1,150.0,1,1,19,5,3,140.0,0,1,0,1,0,0,26,0,0,7,11,5,11.2,0,0,8,13,5,12.14,0,16.2,0.3,-0.92,Enrolled,0.86193645,High Risk,Nursing
1,1,1,9853,1,1,163.0,1,19,1,5,10,146.6,1,0,1,1,0,0,18,0,0,6,9,5,13.6,0,0,6,10,4,11.75,0,9.4,-0.8,-3.12,Enrolled,0.8611178,High Risk,Basic Education
1,17,1,9670,1,1,140.0,1,1,1,4,3,133.4,0,0,0,1,1,0,24,0,0,6,6,4,11.25,0,0,6,9,4,10.428571428571429,0,10.8,1.4,1.74,Enrolled,0.8591325,High Risk,Advertising & Marketing
1,17,1,9853,1,1,125.0,1,19,19,4,7,128.5,1,0,0,1,0,0,18,0,0,7,9,6,11.5,0,0,7,8,7,12.714285714285714,0,13.9,-0.3,0.79,Enrolled,0.8577738,High Risk,Basic Education
1,1,4,9853,1,1,134.0,1,19,1,5,9,127.4,1,0,0,1,0,0,18,0,0,6,7,5,12.2,0,0,6,7,5,12.2,0,10.8,1.4,1.74,Enrolled,0.85596144,High Risk,Basic Education
1,17,2,9147,1,1,129.0,1,2,3,2,2,128.3,1,0,0,1,0,0,19,0,0,5,10,3,11.0,0,0,5,9,4,11.75,0,12.7,3.7,-1.7,Enrolled,0.85539114,High Risk,Management
1,51,1,9991,0,1,120.0,1,38,3,5,3,128.2,0,0,1,1,1,0,24,0,3,10,15,7,10.714285714285714,0,3,10,11,9,12.555555555555555,0,12.4,0.5,1.79,Enrolled,0.8551993,High Risk,Management (Evening)
1,1,1,9853,1,1,132.0,1,2,19,4,4,125.0,1,0,0,1,0,0,18,0,0,6,9,5,12.6,0,0,6,8,5,11.4,0,9.4,-0.8,-3.12,Enrolled,0.8528069,High Risk,Basic Education
1,39,1,9085,1,1,130.0,1,4,1,2,9,120.0,0,0,0,0,0,0,26,0,0,6,8,6,15.428571428571429,0,0,6,7,5,14.5,0,11.1,0.6,2.02,Enrolled,0.8492819,High Risk,Veterinary Nursing
1,42,1,9119,1,1,136.0,1,1,37,5,5,117.5,0,0,0,1,1,0,19,0,2,5,6,4,11.8,0,0,5,7,2,11.5,0,15.5,2.8,-4.06,Enrolled,0.8474897,High Risk,Informatics Engineering
2,44,1,9119,1,39,160.0,1,37,37,9,9,160.0,0,0,1,1,1,0,41,0,3,7,15,5,14.333333333333334,0,1,6,16,6,14.636363636363637,0,12.4,0.5,1.79,Enrolled,0.8470286,High Risk,Informatics Engineering
1,39,1,9119,1,1,130.0,1,19,37,9,4,149.0,1,0,0,1,1,0,33,0,0,5,10,4,12.0,0,0,5,8,3,13.666666666666666,1,7.6,2.6,0.32,Enrolled,0.8464584,High Risk,Informatics Engineering
2,39,1,9991,0,1,162.0,1,37,37,9,6,132.0,0,0,1,1,1,0,25,0,0,5,8,4,11.0,0,0,5,7,4,12.0,0,7.6,2.6,0.32,Enrolled,0.8459389,High Risk,Management (Evening)
1,44,1,9003,1,39,130.0,1,2,3,9,6,130.0,0,0,0,1,1,0,20,0,0,6,12,4,10.8,0,0,6,13,4,12.0,0,12.4,0.5,1.79,Enrolled,0.8456046,High Risk,Agronomy
2,39,1,9991,0,1,130.0,1,37,37,9,9,127.8,0,0,0,1,1,0,37,0,0,5,7,4,10.75,0,0,5,7,3,11.333333333333334,0,7.6,2.6,0.32,Enrolled,0.84306735,High Risk,Management (Evening)
1,39,1,9991,0,1,140.0,1,38,19,9,5,130.0,0,0,1,1,0,0,25,0,0,5,10,4,11.25,0,0,5,9,4,12.0,0,12.7,3.7,-1.7,Enrolled,0.84184176,High Risk,Management (Evening)
1,15,1,9147,1,1,135.0,26,1,1,9,7,135.0,0,0,1,1,1,0,21,1,0,5,9,3,12.333333333333334,0,0,5,8,4,11.25,0,8.9,1.4,3.51,Enrolled,0.83823466,High Risk,Management
1,17,4,9119,1,1,135.0,1,38,37,5,7,126.6,1,0,0,1,1,0,18,0,0,5,7,4,12.0,0,0,5,10,3,13.0,3,7.6,2.6,0.32,Enrolled,0.83794534,High Risk,Informatics Engineering
1,1,1,9070,1,1,145.0,1,1,38,5,7,127.5,1,0,0,1,1,0,20,0,0,6,6,4,12.0,0,0,6,8,2,11.333333333333334,0,10.8,1.4,1.74,Enrolled,0.83750963,High Risk,Communication Design
1,1,1,9773,1,1,140.0,1,3,2,4,6,133.4,1,0,0,0,1,0,29,0,0,6,8,6,16.5,0,0,6,6,5,13.8,0,11.1,0.6,2.02,Enrolled,0.83749056,High Risk,Journalism
1,43,1,9670,1,1,141.0,1,3,2,2,2,133.3,1,0,0,1,1,0,18,0,0,6,13,4,13.75,0,0,6,8,5,11.2,0,13.9,-0.3,0.79,Enrolled,0.8371846,High Risk,Advertising & Marketing
1,1,1,9130,1,1,132.0,1,1,1,3,3,143.9,1,0,0,1,1,0,20,0,0,5,14,2,11.0,3,0,5,9,3,12.666666666666666,0,9.4,-0.8,-3.12,Enrolled,0.8362909,High Risk,Equinculture
1,1,1,9670,1,1,120.0,1,38,19,4,8,115.1,0,0,0,1,0,0,19,0,0,6,8,3,11.666666666666666,0,0,6,11,5,13.625,0,10.8,1.4,1.74,Enrolled,0.83594286,High Risk,Advertising & Marketing
1,16,1,9070,1,1,145.0,1,1,1,3,3,146.1,1,0,0,1,0,0,18,0,0,6,6,1,15.0,0,0,6,7,4,12.5,0,9.4,-0.8,-3.12,Enrolled,0.8359144,High Risk,Communication Design
1,1,1,9238,1,1,135.0,1,38,38,4,7,121.7,1,0,0,1,0,1,18,0,0,6,14,0,0.0,0,0,6,9,4,11.0,0,7.6,2.6,0.32,Enrolled,0.8358519,High Risk,Social Service
1,18,5,9853,1,1,110.0,1,19,37,7,7,110.0,1,0,0,1,0,0,20,0,0,6,10,4,12.75,0,0,6,14,3,11.333333333333334,0,10.8,1.4,1.74,Enrolled,0.8344586,High Risk,Basic Education
1,1,3,9670,1,1,120.0,1,37,37,7,7,111.3,1,0,0,1,1,0,19,0,0,5,7,3,11.333333333333334,0,0,5,7,4,11.0,0,9.4,-0.8,-3.12,Enrolled,0.83346486,High Risk,Advertising & Marketing
1,1,2,9070,1,1,121.0,1,4,1,2,3,120.7,1,0,0,1,0,0,18,0,0,6,8,4,10.75,0,0,6,9,0,0.0,0,9.4,-0.8,-3.12,Enrolled,0.8316678,High Risk,Communication Design
1,18,2,9853,1,1,168.0,1,1,19,3,9,126.8,1,0,0,1,1,0,18,0,0,6,7,5,12.6,0,0,6,6,6,13.0,0,10.8,1.4,1.74,Enrolled,0.83156615,High Risk,Basic Education
1,17,1,9085,1,1,138.0,1,2,19,2,9,126.8,1,0,0,1,0,0,18,0,0,5,12,2,11.5,0,0,5,12,3,11.8,2,10.8,1.4,1.74,Enrolled,0.8313771,High Risk,Veterinary Nursing
1,44,1,9003,1,39,140.0,1,38,38,6,3,140.0,0,0,0,1,0,0,19,0,0,6,18,3,11.666666666666666,0,0,6,14,4,11.5,0,15.5,2.8,-4.06,Enrolled,0.83100104,High Risk,Agronomy
1,1,1,9853,1,1,124.0,1,3,1,2,5,121.6,0,0,0,1,0,0,18,0,0,6,9,5,12.333333333333334,0,0,6,10,5,10.6,0,15.5,2.8,-4.06,Enrolled,0.82783836,High Risk,Basic Education
1,42,1,9500,1,1,100.0,1,3,19,2,8,153.0,0,0,0,1,1,0,22,0,3,6,7,3,14.5,0,4,7,8,4,14.375,0,15.5,2.8,-4.06,Enrolled,0.827574,High Risk,Nursing
1,1,2,9147,1,1,113.0,1,38,38,9,5,107.4,1,0,0,1,1,0,20,0,0,5,12,3,10.5,0,0,5,10,4,11.25,0,12.4,0.5,1.79,Enrolled,0.8234881,High Risk,Management
1,39,1,9119,1,1,133.1,1,37,19,9,3,123.0,0,0,0,1,1,1,28,0,0,5,16,3,14.333333333333334,0,0,5,9,5,12.428571428571429,0,9.4,-0.8,-3.12,Enrolled,0.82294214,High Risk,Informatics Engineering
1,1,1,9085,1,1,120.0,1,4,1,2,9,113.4,0,0,0,1,0,0,18,0,0,6,14,4,11.5,0,0,6,17,3,13.75,0,11.1,0.6,2.02,Enrolled,0.8217165,High Risk,Veterinary Nursing
1,1,2,9254,1,1,137.0,1,38,19,9,7,125.1,1,0,0,1,0,0,18,0,0,6,10,4,11.75,0,0,6,9,5,11.2,0,7.6,2.6,0.32,Enrolled,0.8210742,High Risk,Tourism
1,43,1,171,1,1,144.0,1,19,19,9,4,121.6,0,0,0,1,1,0,22,0,0,0,0,0,0.0,0,0,0,0,0,0.0,0,13.9,-0.3,0.79,Enrolled,0.8206395,High Risk,Animation & Multimedia
1,1,1,9085,1,1,127.0,1,37,37,9,9,122.8,1,0,0,1,0,0,19,0,0,5,10,2,14.5,1,0,5,9,3,11.333333333333334,0,12.7,3.7,-1.7,Enrolled,0.819717,High Risk,Veterinary Nursing
1,17,5,9670,1,1,125.0,1,19,30,7,7,118.4,1,0,0,1,0,1,19,0,0,5,8,3,10.5,0,0,5,6,4,11.75,1,7.6,2.6,0.32,Enrolled,0.81841266,High Risk,Advertising & Marketing
1,17,1,9853,1,1,134.0,1,1,19,4,5,122.5,1,0,0,1,0,0,22,0,0,6,10,5,13.166666666666666,0,0,6,8,5,12.4,0,15.5,2.8,-4.06,Enrolled,0.81473607,High Risk,Basic Education
1,1,5,9500,1,1,125.0,1,3,19,4,8,120.3,1,0,0,1,0,0,19,0,0,7,11,5,11.716666666666669,0,0,7,8,5,13.7,0,13.9,-0.3,0.79,Enrolled,0.8123117,High Risk,Nursing
1,53,1,9085,1,42,140.0,1,1,1,5,5,143.3,1,0,0,0,0,0,23,0,7,12,19,9,13.666666666666666,0,4,9,15,6,13.5,0,8.9,1.4,3.51,Enrolled,0.8108717,High Risk,Veterinary Nursing
1,16,3,9853,1,1,134.0,1,19,37,9,9,121.1,1,0,0,1,0,0,19,0,0,6,8,5,12.2,0,0,6,8,5,11.8,0,10.8,1.4,1.74,Enrolled,0.8108613,High Risk,Basic Education
1,44,1,9085,1,39,150.0,1,19,38,194,193,150.0,1,0,0,1,0,0,23,0,0,6,11,4,11.5,0,0,6,12,4,12.2,0,8.9,1.4,3.51,Enrolled,0.81033415,High Risk,Veterinary Nursing
1,43,1,9238,1,1,143.0,1,1,37,5,9,126.6,0,0,1,0,0,0,21,0,5,10,18,8,11.5,0,0,6,12,4,10.0,0,9.4,-0.8,-3.12,Enrolled,0.8081977,High Risk,Social Service
1,1,3,9238,1,1,133.1,1,1,1,9,9,100.0,1,0,0,1,1,0,22,0,0,6,6,4,11.25,0,0,6,7,3,11.0,0,8.9,1.4,3.51,Enrolled,0.80297226,High Risk,Social Service
2,44,1,9991,0,39,140.0,1,37,37,9,9,140.0,0,0,0,1,0,0,41,0,2,6,10,4,12.25,0,3,7,9,6,12.5,0,9.4,-0.8,-3.12,Enrolled,0.8029408,High Risk,Management (Evening)
1,17,1,9119,1,1,141.0,1,37,1,9,2,133.0,1,0,0,1,1,0,18,0,0,5,10,4,13.0,0,0,5,10,3,12.333333333333334,3,7.6,2.6,0.32,Enrolled,0.80208206,High Risk,Informatics Engineering
1,18,1,9085,1,1,106.0,1,1,19,3,5,104.6,0,0,0,0,1,0,21,0,0,6,10,5,14.0,0,0,6,11,4,14.8,0,11.1,0.6,2.02,Enrolled,0.80139786,High Risk,Veterinary Nursing
1,1,1,9853,1,1,133.0,1,1,38,5,10,131.3,1,0,0,1,0,0,20,0,0,6,9,5,14.333333333333334,0,4,8,8,8,12.625,0,15.5,2.8,-4.06,Enrolled,0.80095017,High Risk,Basic Education
1,1,1,9853,1,1,129.0,1,19,38,2,7,126.9,1,0,0,1,0,1,19,0,0,6,9,5,12.2,0,0,6,10,4,11.5,0,7.6,2.6,0.32,Enrolled,0.80061555,High Risk,Basic Education
1,17,2,9853,1,1,126.0,1,1,19,2,10,126.0,1,0,0,1,0,0,19,0,0,6,9,5,13.0,0,0,6,8,5,10.4,0,7.6,2.6,0.32,Enrolled,0.8005199,High Risk,Basic Education
1,43,1,171,1,1,120.0,1,3,3,2,2,120.0,1,0,0,1,1,0,22,0,0,0,0,0,0.0,0,0,0,0,0,0.0,0,7.6,2.6,0.32,Enrolled,0.79620785,High Risk,Animation & Multimedia
1,1,1,9853,1,1,142.0,1,19,1,9,1,132.6,0,0,0,1,0,0,18,0,0,6,8,5,12.8,0,0,6,14,3,10.0,0,9.4,-0.8,-3.12,Enrolled,0.79476225,High Risk,Basic Education
1,7,1,9119,1,4,180.0,1,4,3,2,7,180.0,0,0,1,1,1,0,30,0,0,5,6,4,14.5,0,0,5,10,3,16.2,0,13.9,-0.3,0.79,Enrolled,0.7938369,High Risk,Informatics Engineering
1,18,5,9119,1,1,136.0,1,3,2,2,3,125.2,1,0,0,1,1,0,19,0,0,5,9,5,11.833333333333334,0,0,5,9,5,14.714285714285714,0,12.4,0.5,1.79,Enrolled,0.7933645,High Risk,Informatics Engineering
1,5,2,9853,1,1,122.0,1,19,19,4,5,112.6,1,0,0,1,0,0,22,0,0,6,10,5,12.6,0,0,6,9,4,11.25,0,12.7,3.7,-1.7,Enrolled,0.7925255,High Risk,Basic Education
1,44,1,9003,1,39,140.0,1,1,38,9,6,140.0,0,0,0,1,1,0,21,0,0,6,13,4,11.75,0,0,6,15,4,10.5,0,15.5,2.8,-4.06,Enrolled,0.78827393,High Risk,Agronomy
1,1,1,171,1,1,124.0,1,19,1,9,9,121.2,1,0,0,1,1,0,20,0,0,0,0,0,0.0,0,0,0,0,0,0.0,0,10.8,1.4,1.74,Enrolled,0.7876496,High Risk,Animation & Multimedia
1,17,4,9147,1,1,112.0,1,19,38,9,10,112.0,1,0,0,1,0,0,20,0,0,5,10,3,10.333333333333334,0,0,5,9,4,11.0,2,16.2,0.3,-0.92,Enrolled,0.7862959,High Risk,Management
1,17,2,9254,1,1,118.0,22,19,37,9,9,110.3,1,0,0,0,0,0,18,1,0,6,7,5,12.6,0,0,6,6,5,11.8,0,11.1,0.6,2.02,Enrolled,0.7850375,High Risk,Tourism
1,17,1,9853,1,1,112.0,1,2,19,3,9,106.1,1,0,0,1,0,0,19,0,0,6,8,5,12.333333333333334,0,0,6,8,5,11.0,0,15.5,2.8,-4.06,Enrolled,0.78200597,High Risk,Basic Education
1,43,1,9670,1,1,132.0,1,3,19,4,8,120.5,0,0,0,1,1,0,19,0,0,6,17,4,12.5,0,0,6,8,4,13.25,0,13.9,-0.3,0.79,Enrolled,0.78037405,High Risk,Advertising & Marketing
1,1,1,9119,1,1,126.0,1,38,19,5,5,130.2,0,0,0,1,1,0,19,0,0,5,7,5,10.2,0,0,5,8,3,12.0,0,10.8,1.4,1.74,Enrolled,0.77856356,High Risk,Informatics Engineering
1,1,1,9254,1,1,123.0,1,38,19,9,4,117.8,0,0,0,1,1,0,19,0,0,6,10,4,12.75,0,0,6,12,2,13.0,0,10.8,1.4,1.74,Enrolled,0.77524775,High Risk,Tourism
1,17,1,9147,1,1,147.0,1,37,37,9,6,142.8,1,0,1,0,0,1,19,0,0,5,5,5,12.8,0,0,5,5,4,12.0,0,11.1,0.6,2.02,Enrolled,0.7719476,High Risk,Management
1,17,1,9119,1,1,127.0,1,19,1,4,5,115.8,0,0,0,1,1,0,20,0,0,5,10,4,11.5,0,0,5,11,0,0.0,0,13.9,-0.3,0.79,Enrolled,0.7681922,High Risk,Informatics Engineering
1,43,1,9085,1,1,127.0,1,3,3,2,5,100.0,0,0,0,1,0,0,21,0,0,6,11,4,11.75,0,0,6,12,3,13.666666666666666,0,13.9,-0.3,0.79,Enrolled,0.7673414,High Risk,Veterinary Nursing
1,1,1,171,1,1,131.0,1,1,1,7,4,127.2,1,0,1,1,1,0,23,0,13,17,19,13,12.153846153846152,0,10,17,28,11,11.909090909090908,1,11.1,0.6,2.02,Enrolled,0.7652469,High Risk,Animation & Multimedia
1,1,1,9085,1,1,101.0,1,1,37,4,9,98.9,1,0,0,1,0,0,21,0,0,6,12,4,12.5,0,0,6,13,2,12.666666666666666,0,11.1,0.6,2.02,Enrolled,0.7650815,High Risk,Veterinary Nursing
1,17,3,9085,1,1,130.0,1,19,37,5,5,121.3,1,0,0,1,0,0,21,0,0,5,14,2,13.0,2,0,5,8,4,12.0,1,9.4,-0.8,-3.12,Enrolled,0.75748837,High Risk,Veterinary Nursing
1,17,6,9147,1,1,133.0,1,19,38,5,6,123.2,1,0,0,1,1,0,20,0,0,5,7,3,12.666666666666666,1,0,5,12,2,12.5,0,9.4,-0.8,-3.12,Enrolled,0.7562322,High Risk,Management
1,17,1,171,1,1,125.0,1,1,1,7,3,143.9,1,0,0,1,0,0,20,0,0,0,0,0,0.0,0,0,0,0,0,0.0,0,15.5,2.8,-4.06,Enrolled,0.7553542,High Risk,Animation & Multimedia
1,17,3,9254,1,1,127.0,1,37,37,9,6,123.5,1,0,0,1,0,1,20,0,0,6,11,4,11.5,0,0,6,12,3,11.0,0,7.6,2.6,0.32,Enrolled,0.7529959,High Risk,Tourism
1,44,1,9085,1,39,160.0,1,1,1,4,4,160.0,1,0,0,1,0,0,23,0,1,6,12,4,13.4,0,1,6,17,2,13.5,0,12.4,0.5,1.79,Enrolled,0.7481587,High Risk,Veterinary Nursing
1,17,2,9853,1,1,133.1,1,19,1,9,3,107.0,1,0,0,1,0,0,20,0,0,7,12,6,11.666666666666666,0,0,7,10,3,13.0,0,16.2,0.3,-0.92,Enrolled,0.745437,High Risk,Basic Education
1,1,3,9670,1,1,121.0,1,3,19,2,8,122.4,1,0,0,1,1,0,19,0,0,5,7,3,11.666666666666666,0,0,5,5,4,12.0,0,9.4,-0.8,-3.12,Enrolled,0.74528944,High Risk,Advertising & Marketing
1,43,1,9070,1,1,135.0,1,19,19,9,9,122.8,1,0,0,1,1,1,20,0,0,6,8,3,11.0,0,0,6,8,2,11.333333333333334,0,10.8,1.4,1.74,Enrolled,0.74437535,High Risk,Communication Design
1,17,2,9119,1,1,133.1,1,1,2,3,3,117.0,1,0,0,1,1,0,21,0,0,5,10,5,11.166666666666666,0,0,5,10,3,10.8,0,12.4,0.5,1.79,Enrolled,0.74129856,High Risk,Informatics Engineering
1,1,2,9853,1,1,117.0,1,1,38,4,9,109.7,1,0,0,1,0,0,19,0,0,6,9,5,12.2,0,0,6,10,4,13.0,0,9.4,-0.8,-3.12,Enrolled,0.7410792,High Risk,Basic Education
4,39,1,9991,0,1,147.0,1,19,19,7,8,147.9,0,0,0,1,0,0,28,0,0,5,8,4,11.5,0,0,5,7,4,12.0,0,10.8,1.4,1.74,Enrolled,0.7410081,High Risk,Management (Evening)
2,39,2,9147,1,1,140.0,1,37,37,9,8,108.0,0,0,0,1,0,0,50,0,0,5,12,3,13.333333333333334,1,0,5,8,5,12.2,0,9.4,-0.8,-3.12,Enrolled,0.73881376,High Risk,Management
1,51,1,9556,1,1,131.0,1,1,37,152,193,126.6,1,0,0,1,1,0,23,0,0,7,11,5,12.414285714285713,0,0,7,13,2,13.5,0,8.9,1.4,3.51,Enrolled,0.7362866,High Risk,Oral Hygiene
1,1,1,9147,1,1,166.0,1,19,37,4,8,146.4,0,0,0,1,1,0,27,0,0,5,12,3,10.0,0,0,5,12,1,13.0,0,7.6,2.6,0.32,Enrolled,0.7344285,High Risk,Management
1,1,1,9853,1,1,126.0,1,3,1,2,5,116.9,1,1,0,1,0,0,18,0,0,7,10,6,10.666666666666666,0,0,7,12,6,12.833333333333334,0,13.9,-0.3,0.79,Enrolled,0.731458,High Risk,Basic Education
1,39,1,9556,1,1,130.0,1,19,38,9,8,113.3,0,0,0,1,0,0,24,0,0,7,15,5,12.4,0,0,8,14,7,12.15,0,12.4,0.5,1.79,Enrolled,0.73027736,High Risk,Oral Hygiene
1,5,1,9147,1,1,126.0,1,19,38,5,6,117.3,1,0,0,1,0,0,19,0,0,5,15,3,10.8,0,0,5,6,3,10.5,0,13.9,-0.3,0.79,Enrolled,0.7289863,High Risk,Management
1,1,1,9500,1,1,138.0,1,38,1,9,4,127.5,1,0,0,1,0,0,19,0,0,7,10,5,12.94,0,0,7,7,5,13.76,0,16.2,0.3,-0.92,Enrolled,0.7251787,High Risk,Nursing
1,39,1,9119,1,40,120.0,1,1,1,5,10,146.8,0,0,0,1,1,0,25,0,2,5,6,5,14.2,0,1,5,5,2,13.5,0,16.2,0.3,-0.92,Enrolled,0.7250298,High Risk,Informatics Engineering
1,1,4,9500,1,1,140.0,1,3,19,2,3,133.8,1,0,0,1,0,0,17,0,0,8,14,5,12.46,0,0,8,14,5,12.46,0,10.8,1.4,1.74,Enrolled,0.7231562,High Risk,Nursing
1,17,1,171,1,1,133.0,1,1,1,6,7,134.8,1,0,0,1,0,0,18,0,0,0,0,0,0.0,0,0,0,0,0,0.0,0,12.4,0.5,1.79,Enrolled,0.7209279,High Risk,Animation & Multimedia
1,1,2,171,1,1,127.0,1,3,39,1,3,133.5,1,0,0,1,1,0,17,0,0,0,0,0,0.0,0,0,0,0,0,0.0,0,15.5,2.8,-4.06,Enrolled,0.7182708,High Risk,Animation & Multimedia
2,17,5,9119,1,1,126.0,1,37,38,4,4,122.9,1,0,0,1,1,0,21,0,0,5,10,4,13.2,0,0,5,7,4,14.25,2,7.6,2.6,0.32,Enrolled,0.717458,High Risk,Informatics Engineering
1,39,1,9991,0,1,100.0,1,37,38,9,4,140.0,0,0,0,1,1,0,39,0,0,5,7,4,12.25,0,0,5,7,4,12.75,0,15.5,2.8,-4.06,Enrolled,0.71348214,High Risk,Management (Evening)
1,39,1,9085,1,1,130.0,1,37,19,9,7,130.0,1,0,0,1,0,0,28,0,0,5,13,4,11.25,1,0,5,11,4,10.5,0,12.7,3.7,-1.7,Enrolled,0.7099888,High Risk,Veterinary Nursing
1,1,1,9853,1,1,110.0,1,37,37,9,4,114.3,1,0,0,1,1,0,42,0,0,6,9,5,12.4,0,0,6,10,5,11.8,0,7.6,2.6,0.32,Enrolled,0.7077186,High Risk,Basic Education
1,1,1,171,1,1,123.0,1,1,3,2,2,118.8,0,0,0,1,1,0,19,0,4,10,10,5,11.0,0,2,7,8,2,10.0,0,8.9,1.4,3.51,Enrolled,0.7040962,High Risk,Animation & Multimedia
1,44,3,9085,1,39,150.0,1,1,19,4,1,150.0,1,0,0,1,0,0,19,0,0,5,10,1,13.0,1,0,5,8,3,15.333333333333334,0,12.7,3.7,-1.7,Enrolled,0.70132446,High Risk,Veterinary Nursing
1,1,3,9500,1,1,122.0,1,3,1,4,3,114.8,1,0,0,1,0,1,19,0,0,7,11,4,12.65,0,0,7,9,5,11.1,0,12.4,0.5,1.79,Enrolled,0.6999547,Medium Risk,Nursing
1,1,1,9070,1,1,123.0,1,38,38,9,5,124.8,0,0,0,0,0,1,18,0,0,6,7,5,11.8,0,0,6,7,5,13.0,0,8.9,1.4,3.51,Enrolled,0.6968073,Medium Risk,Communication Design
1,1,2,9147,1,1,122.0,1,1,38,4,5,116.4,0,0,0,1,1,0,21,0,0,5,10,3,11.25,0,0,5,9,3,11.0,0,15.5,2.8,-4.06,Enrolled,0.6960829,Medium Risk,Management
1,17,3,9147,1,1,112.0,1,1,19,3,5,107.8,1,0,0,1,0,0,19,0,0,5,7,3,10.333333333333334,0,0,5,11,3,14.428571428571429,0,10.8,1.4,1.74,Enrolled,0.695599,Medium Risk,Management
1,1,3,9500,1,1,140.0,6,2,3,5,2,124.3,1,0,0,1,0,0,19,1,0,7,9,5,12.32,0,0,7,9,5,11.9,0,12.4,0.5,1.79,Enrolled,0.69218016,Medium Risk,Nursing
1,1,2,9147,1,1,133.0,1,19,1,5,10,121.8,0,0,0,1,1,0,20,0,0,5,9,4,10.2,0,0,5,6,3,11.0,0,15.5,2.8,-4.06,Enrolled,0.689722,Medium Risk,Management
1,1,1,9085,1,1,126.0,1,3,1,2,8,123.9,1,0,0,1,0,0,19,0,0,6,13,4,11.8,0,0,6,18,4,12.2,0,12.4,0.5,1.79,Enrolled,0.68928945,Medium Risk,Veterinary Nursing
1,39,1,9991,0,1,133.1,1,1,1,4,2,127.7,0,0,0,1,0,0,25,0,0,5,12,4,12.5,0,0,5,10,4,11.0,0,13.9,-0.3,0.79,Enrolled,0.68252206,Medium Risk,Management (Evening)
1,17,1,9254,1,1,122.0,1,19,19,5,5,118.2,0,0,0,1,0,1,20,0,0,6,10,4,11.25,0,0,6,6,6,10.5,0,12.4,0.5,1.79,Enrolled,0.6800063,Medium Risk,Tourism
1,1,1,9670,1,1,136.0,1,2,38,143,163,129.7,1,0,0,1,1,0,19,0,0,6,10,4,12.5,0,0,6,12,1,10.0,3,16.2,0.3,-0.92,Enrolled,0.6798881,Medium Risk,Advertising & Marketing
1,1,1,9238,1,1,125.0,1,19,38,7,7,118.7,0,0,0,1,1,0,20,0,0,6,12,4,11.75,0,0,6,13,3,11.333333333333334,0,15.5,2.8,-4.06,Enrolled,0.6758124,Medium Risk,Social Service
1,51,1,9070,1,12,133.1,1,37,19,3,7,106.6,0,0,1,1,0,0,31,0,2,6,8,5,11.0,0,4,6,12,6,10.166666666666666,0,8.9,1.4,3.51,Enrolled,0.6752143,Medium Risk,Communication Design
1,1,5,9670,1,1,120.0,1,4,1,4,10,112.0,1,0,0,1,0,0,18,0,0,6,10,4,11.25,0,0,6,11,5,12.2,0,8.9,1.4,3.51,Enrolled,0.6749613,Medium Risk,Advertising & Marketing
1,17,3,9853,1,1,118.0,1,38,38,7,7,121.2,1,0,0,1,0,0,18,0,0,6,8,5,13.4,0,0,6,7,5,12.0,0,7.6,2.6,0.32,Enrolled,0.67299527,Medium Risk,Basic Education
1,17,1,9147,1,1,116.0,1,38,2,9,2,112.2,1,0,0,1,0,0,20,0,0,5,8,3,11.333333333333334,0,0,5,12,2,10.666666666666666,0,10.8,1.4,1.74,Enrolled,0.6695168,Medium Risk,Management
1,1,1,9085,1,1,105.0,1,19,37,8,8,102.6,0,1,0,1,0,0,21,0,0,6,13,4,12.0,0,0,6,17,2,11.5,0,11.1,0.6,2.02,Enrolled,0.6692924,Medium Risk,Veterinary Nursing
1,17,4,9119,1,1,122.0,62,1,1,191,171,121.0,1,0,0,1,1,0,20,1,0,5,10,4,14.25,0,0,5,14,1,10.0,0,8.9,1.4,3.51,Enrolled,0.6584739,Medium Risk,Informatics Engineering
1,17,2,9500,1,1,140.0,1,1,1,5,10,128.5,1,0,0,1,0,0,18,0,0,7,9,5,14.06,0,0,7,9,6,12.571428571428571,0,12.4,0.5,1.79,Enrolled,0.6573732,Medium Risk,Nursing
1,39,1,9119,1,1,130.0,1,19,37,9,9,134.0,0,0,0,1,1,1,24,0,0,5,8,5,11.833333333333334,0,0,5,8,4,14.0,0,12.7,3.7,-1.7,Enrolled,0.65481466,Medium Risk,Informatics Engineering
1,1,1,9670,1,1,119.0,1,1,19,4,10,115.5,1,0,0,1,0,0,19,0,0,6,8,4,11.0,0,0,6,9,4,11.0,0,10.8,1.4,1.74,Enrolled,0.6525989,Medium Risk,Advertising & Marketing
2,39,1,9991,0,1,130.0,1,38,38,9,3,145.6,0,0,0,1,1,0,34,0,0,5,10,4,11.75,0,0,5,10,4,10.833333333333334,0,13.9,-0.3,0.79,Enrolled,0.64866704,Medium Risk,Management (Evening)
1,1,1,9119,1,1,148.0,1,19,19,9,8,129.8,0,0,0,0,1,1,18,0,0,5,6,5,15.0,0,0,5,6,5,14.2,0,8.9,1.4,3.51,Enrolled,0.64177495,Medium Risk,Informatics Engineering
1,44,1,9003,1,39,150.0,1,1,38,4,9,150.0,0,0,0,1,1,1,20,0,0,6,18,3,12.0,0,0,6,17,3,11.666666666666666,0,15.5,2.8,-4.06,Enrolled,0.6397634,Medium Risk,Agronomy
1,1,1,9853,1,1,120.0,1,19,37,5,7,115.1,0,0,0,1,0,1,18,0,0,6,11,4,12.0,0,0,6,8,4,10.75,0,15.5,2.8,-4.06,Enrolled,0.6383911,Medium Risk,Basic Education
1,17,3,171,1,1,125.0,1,3,39,2,5,117.0,1,1,0,1,1,0,22,0,0,0,0,0,0.0,0,0,0,0,0,0.0,0,10.8,1.4,1.74,Enrolled,0.6378947,Medium Risk,Animation & Multimedia
1,39,1,9991,0,1,100.0,1,19,37,5,5,120.7,0,0,0,1,0,0,28,0,0,5,9,4,11.25,0,0,5,7,4,13.0,0,7.6,2.6,0.32,Enrolled,0.6367854,Medium Risk,Management (Evening)
1,17,1,9853,1,1,125.0,1,3,3,3,3,116.6,1,0,0,0,0,1,18,0,0,7,7,7,12.285714285714286,0,0,7,8,6,13.333333333333334,0,8.9,1.4,3.51,Enrolled,0.63612527,Medium Risk,Basic Education
1,1,1,171,1,1,135.0,1,19,4,9,2,143.8,1,0,1,1,0,0,19,0,0,0,0,0,0.0,0,0,0,0,0,0.0,0,12.7,3.7,-1.7,Enrolled,0.63554394,Medium Risk,Animation & Multimedia
1,1,1,9500,1,1,118.0,1,12,1,4,10,115.7,0,0,0,1,1,0,20,0,0,7,9,5,12.7,0,0,8,9,7,13.475,0,13.9,-0.3,0.79,Enrolled,0.63446045,Medium Risk,Nursing
1,44,1,9085,1,39,150.0,1,38,1,5,5,150.0,0,0,0,1,0,0,20,0,0,5,10,2,14.5,1,0,5,7,4,11.25,0,12.7,3.7,-1.7,Enrolled,0.63292974,Medium Risk,Veterinary Nursing
1,1,6,9147,1,1,121.0,1,3,19,4,5,116.8,0,0,0,1,1,0,20,0,0,5,14,3,12.4,0,0,5,8,5,10.833333333333334,0,13.9,-0.3,0.79,Enrolled,0.6326324,Medium Risk,Management
1,39,1,9085,1,1,130.0,1,37,37,6,6,110.0,0,0,0,1,0,1,25,0,0,6,13,3,11.666666666666666,0,0,6,14,2,11.333333333333334,0,11.1,0.6,2.02,Enrolled,0.63216984,Medium Risk,Veterinary Nursing
1,1,1,9085,1,1,133.1,1,38,37,1,1,115.0,1,0,0,1,0,0,21,0,0,5,8,3,11.333333333333334,1,0,5,8,3,13.333333333333334,0,12.7,3.7,-1.7,Enrolled,0.6315605,Medium Risk,Veterinary Nursing
1,1,3,9853,1,1,122.0,1,3,3,2,2,112.6,1,0,0,1,0,0,23,0,0,6,8,5,13.6,0,0,6,8,5,11.6,0,7.6,2.6,0.32,Enrolled,0.6308887,Medium Risk,Basic Education
1,1,1,9670,1,1,113.0,1,37,19,9,9,110.2,1,0,0,1,0,0,22,0,0,5,7,3,12.666666666666666,0,0,5,6,4,12.0,0,7.6,2.6,0.32,Enrolled,0.6302228,Medium Risk,Advertising & Marketing
2,39,1,9003,1,1,150.0,1,3,3,2,2,120.0,0,0,1,0,0,0,34,0,1,6,10,6,14.333333333333334,0,0,6,9,6,12.833333333333334,0,11.1,0.6,2.02,Enrolled,0.62889606,Medium Risk,Agronomy
1,1,2,171,1,1,165.0,1,3,3,2,2,163.6,1,0,0,1,0,0,18,0,0,0,0,0,0.0,0,0,0,0,0,0.0,0,12.4,0.5,1.79,Enrolled,0.6285498,Medium Risk,Animation & Multimedia
1,17,1,9130,1,1,137.0,1,38,19,5,7,130.0,1,0,0,1,0,0,21,0,0,6,12,5,13.6,0,0,6,10,4,14.25,0,12.4,0.5,1.79,Enrolled,0.62811124,Medium Risk,Equinculture
1,1,2,9773,1,1,135.0,1,3,1,4,4,136.1,1,0,0,1,1,0,19,0,0,6,9,5,11.4,0,0,6,13,5,12.4,0,8.9,1.4,3.51,Enrolled,0.6274996,Medium Risk,Journalism
1,5,4,9853,1,1,116.0,1,3,38,3,8,110.4,1,0,0,1,0,0,21,0,0,6,9,5,12.6,0,0,6,9,3,11.666666666666666,0,9.4,-0.8,-3.12,Enrolled,0.6264465,Medium Risk,Basic Education
1,1,1,9670,1,1,131.0,1,37,37,9,9,123.0,1,0,0,1,0,1,18,0,0,5,6,3,11.666666666666666,0,0,5,6,4,13.5,0,7.6,2.6,0.32,Enrolled,0.6235297,Medium Risk,Advertising & Marketing
1,44,1,9085,1,39,140.0,1,4,38,4,5,140.0,1,0,0,1,0,0,21,0,0,6,11,4,12.75,0,0,6,19,1,11.0,0,12.4,0.5,1.79,Enrolled,0.6205888,Medium Risk,Veterinary Nursing
1,1,6,9500,1,1,138.0,1,1,38,3,9,123.0,1,0,0,1,0,0,19,0,0,7,10,5,13.44,0,0,7,8,6,13.066666666666668,0,12.4,0.5,1.79,Enrolled,0.61314857,Medium Risk,Nursing
1,43,1,9130,1,1,120.0,6,1,3,9,2,120.0,0,0,1,1,0,0,21,1,2,5,9,5,13.2,2,0,5,7,2,12.5,2,10.8,1.4,1.74,Enrolled,0.61286366,Medium Risk,Equinculture
1,1,6,9147,1,1,143.0,1,38,37,9,9,128.7,1,0,0,1,1,0,23,0,0,5,6,4,14.0,0,0,5,5,5,13.8,0,11.1,0.6,2.02,Enrolled,0.6107445,Medium Risk,Management
1,43,1,9070,1,1,125.0,1,19,19,7,8,133.4,1,0,0,1,1,1,19,0,4,6,6,4,13.0,0,2,6,7,5,12.2,0,13.9,-0.3,0.79,Enrolled,0.60916954,Medium Risk,Communication Design
1,39,1,9500,1,1,120.0,1,37,37,9,9,100.0,0,0,0,1,1,0,34,0,0,7,15,6,11.333333333333334,0,0,7,16,4,12.6,0,16.2,0.3,-0.92,Enrolled,0.60749996,Medium Risk,Nursing
1,43,1,9670,1,1,151.0,1,19,19,1,1,100.0,0,0,1,1,0,0,20,0,0,6,12,5,12.2,0,0,6,8,5,14.6,0,13.9,-0.3,0.79,Enrolled,0.60678285,Medium Risk,Advertising & Marketing
1,43,1,9670,1,1,142.0,1,38,1,8,10,138.5,1,0,0,1,1,0,18,0,0,6,16,5,13.8,0,0,6,7,5,12.4,0,13.9,-0.3,0.79,Enrolled,0.60647583,Medium Risk,Advertising & Marketing
1,15,1,9119,1,1,130.0,26,38,3,9,2,137.0,1,0,0,1,1,0,19,1,0,5,9,5,14.0,0,0,5,11,3,13.25,0,13.9,-0.3,0.79,Enrolled,0.60559434,Medium Risk,Informatics Engineering
1,1,4,9147,1,1,117.0,1,1,38,8,9,117.0,1,0,0,1,1,0,19,0,0,5,5,4,10.75,0,0,5,6,4,12.25,0,12.4,0.5,1.79,Enrolled,0.60369223,Medium Risk,Management
1,17,1,9853,1,1,119.0,1,3,3,132,132,110.6,0,0,0,1,0,0,20,0,0,7,9,6,11.833333333333334,0,0,7,7,6,14.333333333333334,0,11.1,0.6,2.02,Enrolled,0.6023315,Medium Risk,Basic Education
1,1,3,171,1,1,125.0,1,38,37,4,9,115.2,1,0,0,1,0,0,18,0,0,0,0,0,0.0,0,0,0,0,0,0.0,0,7.6,2.6,0.32,Enrolled,0.6012849,Medium Risk,Animation & Multimedia
1,16,3,9853,1,1,134.0,1,37,19,9,5,121.4,1,0,0,1,0,1,23,0,0,6,10,4,14.25,1,0,6,8,5,12.0,0,7.6,2.6,0.32,Enrolled,0.6011894,Medium Risk,Basic Education
1,15,1,9119,1,1,133.1,41,2,2,2,2,100.0,0,0,1,1,1,0,24,1,2,8,8,7,13.142857142857142,0,1,6,8,6,11.833333333333334,0,8.9,1.4,3.51,Enrolled,0.6004216,Medium Risk,Informatics Engineering
2,39,1,9500,1,19,133.1,1,19,19,4,4,100.0,0,0,0,1,1,0,33,0,0,7,7,5,13.06,0,0,7,9,0,0.0,0,16.2,0.3,-0.92,Enrolled,0.59804076,Medium Risk,Nursing
1,17,1,9085,1,1,125.0,1,1,38,4,9,118.4,1,0,0,1,0,0,21,0,0,5,13,3,11.333333333333334,2,0,5,12,2,10.5,1,9.4,-0.8,-3.12,Enrolled,0.594799,Medium Risk,Veterinary Nursing
1,1,1,9147,1,1,123.0,1,1,1,4,6,118.8,1,0,0,1,0,0,21,0,0,5,9,3,10.666666666666666,0,0,5,13,2,12.5,0,7.6,2.6,0.32,Enrolled,0.5869002,Medium Risk,Management
1,17,3,9147,1,1,122.0,1,3,38,123,171,116.1,1,0,1,1,1,0,19,0,0,5,10,4,11.0,0,0,5,13,2,12.0,0,8.9,1.4,3.51,Enrolled,0.58365715,Medium Risk,Management
1,44,1,9238,1,39,140.0,1,37,19,191,102,136.1,1,0,1,1,0,0,21,0,3,6,8,3,12.0,0,2,6,6,2,12.5,0,12.4,0.5,1.79,Enrolled,0.5820556,Medium Risk,Social Service
1,17,1,9254,1,1,119.0,1,1,1,4,10,125.0,0,0,0,1,1,0,19,0,0,6,7,5,10.8,0,0,6,10,2,10.5,0,10.8,1.4,1.74,Enrolled,0.5808252,Medium Risk,Tourism
1,17,3,9085,1,1,134.0,1,37,38,9,9,120.4,1,0,0,1,0,0,20,0,0,5,13,3,11.333333333333334,2,0,5,8,5,12.6,0,9.4,-0.8,-3.12,Enrolled,0.57980263,Medium Risk,Veterinary Nursing
1,18,2,9147,1,1,115.0,1,1,37,5,5,108.7,1,0,0,1,0,0,21,0,0,5,8,3,12.0,1,0,5,9,3,12.666666666666666,0,9.4,-0.8,-3.12,Enrolled,0.57840806,Medium Risk,Management
1,44,1,171,1,39,140.0,1,1,1,9,9,140.0,0,0,0,1,1,0,21,0,0,0,0,0,0.0,0,0,0,0,0,0.0,0,15.5,2.8,-4.06,Enrolled,0.5774196,Medium Risk,Animation & Multimedia
2,39,1,9991,0,1,110.0,1,37,37,9,3,127.1,0,0,0,1,0,0,34,0,0,5,9,4,11.0,0,0,5,10,4,10.75,1,7.6,2.6,0.32,Enrolled,0.57723176,Medium Risk,Management (Evening)
1,43,1,9119,1,1,146.0,1,3,1,2,3,100.0,0,0,0,1,1,0,18,0,0,5,9,4,12.25,0,0,5,11,3,11.666666666666666,0,13.9,-0.3,0.79,Enrolled,0.5772192,Medium Risk,Informatics Engineering
1,17,1,9853,1,1,128.0,1,38,38,9,7,128.4,1,0,0,1,0,1,20,0,0,6,10,5,13.2,0,0,6,12,5,12.833333333333334,0,9.4,-0.8,-3.12,Enrolled,0.57667005,Medium Risk,Basic Education
1,1,1,9500,1,1,117.0,1,19,19,194,193,117.4,1,0,0,1,0,0,19,0,0,7,12,5,11.8,0,0,7,9,6,11.708333333333334,0,11.1,0.6,2.02,Enrolled,0.5766218,Medium Risk,Nursing
1,1,2,9119,1,1,126.0,1,1,38,141,192,122.5,1,0,0,1,1,0,20,0,0,5,7,5,10.8,0,0,5,9,3,12.0,0,8.9,1.4,3.51,Enrolled,0.57658184,Medium Risk,Informatics Engineering
1,42,1,9070,1,1,100.0,1,3,2,2,2,115.9,0,0,0,1,0,0,29,0,9,10,15,9,11.555555555555555,0,7,11,17,10,11.9,0,9.4,-0.8,-3.12,Enrolled,0.575498,Medium Risk,Communication Design
1,1,1,9556,1,1,135.0,1,1,1,1,1,131.5,0,0,0,1,1,1,21,0,0,7,14,5,11.2,0,0,8,11,6,11.583333333333334,0,16.2,0.3,-0.92,Enrolled,0.5716369,Medium Risk,Oral Hygiene
1,17,1,9147,1,1,120.0,1,19,19,3,3,113.4,0,0,0,1,0,0,20,0,0,5,11,3,10.333333333333334,0,0,5,10,3,10.666666666666666,0,12.4,0.5,1.79,Enrolled,0.5704608,Medium Risk,Management
1,1,1,9238,1,1,135.0,1,38,38,5,7,121.0,0,0,0,1,0,0,19,0,0,6,13,3,10.333333333333334,0,0,6,12,3,10.333333333333334,0,7.6,2.6,0.32,Enrolled,0.5686034,Medium Risk,Social Service
1,1,2,9254,1,1,125.0,1,1,19,4,1,121.5,1,0,0,1,1,0,18,0,0,6,12,5,11.0,0,0,6,11,3,10.333333333333334,0,9.4,-0.8,-3.12,Enrolled,0.5659152,Medium Risk,Tourism
1,1,1,171,1,1,124.0,1,2,2,3,2,118.4,1,0,0,1,1,0,18,0,0,0,0,0,0.0,0,0,0,0,0,0.0,0,7.6,2.6,0.32,Enrolled,0.5630945,Medium Risk,Animation & Multimedia
1,17,2,171,1,1,137.0,1,1,1,4,1,143.3,1,0,0,1,0,0,18,0,0,0,0,0,0.0,0,0,0,0,0,0.0,0,9.4,-0.8,-3.12,Enrolled,0.55968267,Medium Risk,Animation & Multimedia
1,39,1,9991,0,1,150.0,1,19,37,9,8,138.5,0,0,0,1,0,0,26,0,0,5,10,4,12.0,0,0,5,9,4,11.25,0,12.7,3.7,-1.7,Enrolled,0.5594676,Medium Risk,Management (Evening)
1,44,1,9254,1,39,170.0,1,19,2,9,3,170.0,0,0,0,0,1,0,26,0,2,8,14,8,15.125,0,1,6,12,6,13.666666666666666,0,11.1,0.6,2.02,Enrolled,0.5586427,Medium Risk,Tourism
1,1,1,9254,1,1,133.1,1,3,1,2,4,125.0,0,0,0,1,1,0,21,0,0,6,10,5,11.333333333333334,0,0,6,14,2,11.5,0,12.7,3.7,-1.7,Enrolled,0.551494,Medium Risk,Tourism
4,39,1,9773,1,38,133.1,1,19,19,7,9,133.0,0,0,0,1,0,0,40,0,0,6,8,5,13.0,0,0,6,7,5,12.6,0,16.2,0.3,-0.92,Enrolled,0.5500934,Medium Risk,Journalism
1,39,1,9991,0,1,130.0,1,1,1,4,10,115.2,0,0,0,1,1,0,24,0,0,5,5,4,12.0,0,0,5,6,5,12.666666666666666,0,12.4,0.5,1.79,Enrolled,0.54993844,Medium Risk,Management (Evening)
1,1,1,9670,1,1,119.0,1,37,37,10,6,119.7,1,0,0,1,0,0,20,0,0,5,6,3,13.0,0,0,5,7,3,13.0,1,7.6,2.6,0.32,Enrolled,0.54898894,Medium Risk,Advertising & Marketing
1,1,1,9853,1,1,146.0,1,19,38,9,3,145.3,1,0,0,1,0,1,18,0,0,6,8,5,12.8,0,0,6,7,5,13.4,0,9.4,-0.8,-3.12,Enrolled,0.54874104,Medium Risk,Basic Education
1,17,1,9070,1,1,127.0,1,1,1,3,4,130.2,1,0,0,1,1,0,19,0,0,6,6,5,11.4,0,0,6,8,1,10.0,0,10.8,1.4,1.74,Enrolled,0.5482596,Medium Risk,Communication Design
1,1,4,9147,1,1,120.0,1,19,38,5,5,122.8,1,0,0,1,1,0,18,0,0,5,6,4,11.5,0,0,5,12,2,10.333333333333334,0,10.8,1.4,1.74,Enrolled,0.54696345,Medium Risk,Management
1,42,1,9003,1,1,140.0,1,1,3,4,2,140.0,1,0,0,1,1,0,23,0,0,6,14,5,12.0,0,0,6,12,5,12.142857142857142,0,15.5,2.8,-4.06,Enrolled,0.5454273,Medium Risk,Agronomy
1,42,1,9003,1,1,140.0,1,19,19,4,4,140.0,1,0,0,1,1,0,25,0,0,6,14,5,11.666666666666666,0,0,6,11,4,12.0,0,15.5,2.8,-4.06,Enrolled,0.543762,Medium Risk,Agronomy
1,39,9,9991,0,1,120.0,1,38,38,9,5,144.8,0,0,0,1,1,0,28,0,0,5,7,4,12.75,0,0,5,7,5,14.333333333333334,0,10.8,1.4,1.74,Enrolled,0.5428952,Medium Risk,Management (Evening)
1,17,1,9147,1,1,126.0,1,37,37,4,7,116.9,0,0,0,1,1,1,19,0,0,5,12,3,11.666666666666666,0,0,5,10,3,11.666666666666666,0,12.7,3.7,-1.7,Enrolled,0.5428213,Medium Risk,Management
1,1,1,9119,1,1,121.0,1,3,1,2,3,114.0,0,0,0,1,1,0,20,0,0,5,9,4,11.6,0,0,5,7,4,12.25,2,7.6,2.6,0.32,Enrolled,0.5386099,Medium Risk,Informatics Engineering
1,18,2,9853,1,1,120.0,1,1,1,9,0,115.8,0,0,0,1,0,0,18,0,0,7,12,6,12.0,0,0,7,11,6,12.166666666666666,0,13.9,-0.3,0.79,Enrolled,0.5341631,Medium Risk,Basic Education
1,1,1,9003,1,1,144.0,1,19,19,9,9,132.8,0,0,0,1,1,1,19,0,0,6,9,4,12.0,2,0,6,10,4,12.5,0,15.5,2.8,-4.06,Enrolled,0.5305644,Medium Risk,Agronomy
1,39,1,9085,1,1,133.1,1,37,37,9,9,148.2,1,0,1,1,0,0,27,0,0,6,11,6,12.125,0,0,6,16,5,12.0,0,12.4,0.5,1.79,Enrolled,0.52922666,Medium Risk,Veterinary Nursing
1,17,3,171,1,1,133.0,1,1,37,4,7,126.0,1,0,0,1,1,1,19,0,0,0,0,0,0.0,0,0,0,0,0,0.0,0,10.8,1.4,1.74,Enrolled,0.5288834,Medium Risk,Animation & Multimedia
1,1,1,9853,1,1,140.0,1,19,19,7,7,124.6,1,0,0,1,0,0,18,0,0,7,7,6,11.666666666666666,0,0,7,8,6,13.5,0,16.2,0.3,-0.92,Enrolled,0.52580166,Medium Risk,Basic Education
1,39,1,9130,1,1,130.0,1,19,1,191,144,110.0,0,0,0,1,1,0,24,0,0,6,11,6,11.333333333333334,0,0,6,12,3,11.333333333333334,0,16.2,0.3,-0.92,Enrolled,0.52559644,Medium Risk,Equinculture
1,44,1,9130,1,39,130.0,1,38,37,4,9,130.0,1,0,0,1,0,1,20,0,0,6,11,4,12.0,0,0,6,9,4,10.75,0,16.2,0.3,-0.92,Enrolled,0.52298164,Medium Risk,Equinculture
2,39,1,9991,0,39,140.0,1,38,19,9,5,110.0,0,0,0,1,0,1,35,0,0,5,9,3,11.666666666666666,0,0,5,7,5,11.8,0,12.7,3.7,-1.7,Enrolled,0.5182835,Medium Risk,Management (Evening)
1,1,1,171,1,1,136.0,1,3,3,1,2,152.5,1,0,0,1,0,0,20,0,0,0,0,0,0.0,0,0,0,0,0,0.0,0,13.9,-0.3,0.79,Enrolled,0.5182796,Medium Risk,Animation & Multimedia
1,39,1,9991,0,1,120.0,1,37,37,6,6,147.8,0,0,0,1,0,0,40,0,0,5,9,4,11.25,0,0,5,6,5,12.0,0,13.9,-0.3,0.79,Enrolled,0.5096481,Medium Risk,Management (Evening)
1,17,1,171,1,1,146.0,1,1,38,9,9,135.5,1,0,1,1,0,0,22,0,12,17,19,12,11.833333333333334,0,10,17,22,11,11.25,0,11.1,0.6,2.02,Enrolled,0.50889987,Medium Risk,Animation & Multimedia
1,17,2,9147,1,1,133.1,1,38,38,4,7,109.0,1,0,0,1,1,1,22,0,0,5,7,3,12.333333333333334,0,0,5,9,3,10.571428571428571,0,10.8,1.4,1.74,Enrolled,0.50727695,Medium Risk,Management
1,17,2,9119,1,1,120.0,1,1,19,9,8,117.2,0,0,0,1,1,1,18,0,0,5,8,4,13.5,0,0,6,10,6,13.625,0,11.1,0.6,2.02,Enrolled,0.5069877,Medium Risk,Informatics Engineering
1,17,2,9119,1,1,127.0,1,19,1,9,10,121.1,1,0,0,1,1,1,18,0,0,5,6,5,13.2,0,0,5,8,5,12.6,0,8.9,1.4,3.51,Enrolled,0.5040825,Medium Risk,Informatics Engineering
1,1,2,9670,1,1,117.0,1,37,37,9,9,111.8,0,0,0,1,0,0,22,0,0,5,8,3,12.0,0,0,5,9,2,11.0,1,7.6,2.6,0.32,Enrolled,0.5037733,Medium Risk,Advertising & Marketing
1,1,6,9500,1,1,122.0,1,1,1,4,4,119.6,1,0,0,1,0,0,21,0,0,7,8,6,13.25,0,0,8,8,8,13.8375,0,13.9,-0.3,0.79,Enrolled,0.5008308,Medium Risk,Nursing
1,1,1,9119,1,1,150.0,1,1,1,3,3,143.4,0,0,0,0,1,1,18,0,0,5,5,5,14.2,0,0,5,5,5,14.2,0,8.9,1.4,3.51,Enrolled,0.50032353,Medium Risk,Informatics Engineering
2,39,1,9147,1,1,130.0,1,37,37,9,9,142.5,0,0,0,1,0,0,39,0,0,5,8,4,11.25,0,0,5,8,4,11.5,0,11.1,0.6,2.02,Enrolled,0.49960536,Medium Risk,Management
1,43,1,9119,1,1,128.0,1,1,38,4,7,100.0,0,0,0,1,1,0,19,0,0,5,8,5,12.0,0,0,5,12,2,10.5,0,13.9,-0.3,0.79,Enrolled,0.49376965,Medium Risk,Informatics Engineering
2,7,1,9147,1,3,120.0,1,37,37,9,9,120.0,0,0,0,1,0,0,33,0,3,8,9,5,12.6,2,2,7,13,5,11.25,0,10.8,1.4,1.74,Enrolled,0.49184936,Medium Risk,Management
1,17,5,9670,1,1,115.0,1,1,19,5,5,117.1,0,0,0,1,0,0,21,0,0,5,7,3,12.666666666666666,0,0,5,6,4,12.75,1,7.6,2.6,0.32,Enrolled,0.49167773,Medium Risk,Advertising & Marketing
1,17,2,9500,1,1,126.0,1,37,37,7,7,126.2,1,0,0,1,0,1,18,0,0,7,10,5,11.94,0,0,7,8,6,12.8,0,11.1,0.6,2.02,Enrolled,0.48953527,Medium Risk,Nursing
3,17,1,9238,1,1,138.0,1,37,37,9,9,133.5,1,0,0,1,0,1,21,0,0,6,8,3,10.2,0,0,6,13,4,12.25,0,12.7,3.7,-1.7,Enrolled,0.48761752,Medium Risk,Social Service
1,5,3,9085,1,1,141.0,1,1,19,7,5,128.8,1,0,0,1,0,0,19,0,0,5,9,3,10.333333333333334,1,0,5,8,3,13.0,0,7.6,2.6,0.32,Enrolled,0.4798037,Medium Risk,Veterinary Nursing
1,1,1,9853,1,1,127.0,1,3,1,3,7,137.2,1,0,0,1,0,0,18,0,0,6,7,6,12.166666666666666,0,0,6,10,4,12.75,0,10.8,1.4,1.74,Enrolled,0.47844866,Medium Risk,Basic Education
1,17,3,9119,1,1,135.0,1,1,19,141,193,121.7,1,0,0,1,1,0,18,0,0,5,7,5,11.8,0,0,5,9,3,12.0,0,8.9,1.4,3.51,Enrolled,0.47720373,Medium Risk,Informatics Engineering
4,43,1,9500,1,1,130.0,1,37,37,9,9,103.7,0,0,0,1,0,0,38,0,1,8,12,5,13.126,1,1,8,12,5,13.126,1,10.8,1.4,1.74,Enrolled,0.47246668,Medium Risk,Nursing
1,1,1,9085,1,1,101.0,1,37,37,9,4,101.0,1,0,1,1,0,0,22,0,0,6,9,5,13.333333333333334,0,0,6,17,4,11.4,0,12.4,0.5,1.79,Enrolled,0.4712913,Medium Risk,Veterinary Nursing
1,17,6,9254,1,1,108.0,1,1,19,4,5,112.2,1,0,0,1,1,0,19,0,0,6,13,5,10.8,0,0,6,12,3,10.0,0,9.4,-0.8,-3.12,Enrolled,0.46826616,Medium Risk,Tourism
1,53,1,9085,1,42,140.0,1,1,1,4,3,140.0,1,0,1,1,0,0,21,0,7,9,10,8,13.25,0,4,9,14,5,12.2,0,8.9,1.4,3.51,Enrolled,0.46744806,Medium Risk,Veterinary Nursing
1,43,1,9070,1,1,100.0,1,37,37,9,9,108.0,1,0,0,1,1,0,34,0,7,12,12,7,11.428571428571429,0,4,12,12,7,11.857142857142858,0,7.6,2.6,0.32,Enrolled,0.46609262,Medium Risk,Communication Design
1,1,5,9147,1,1,134.0,1,3,2,2,2,134.7,0,0,0,1,1,0,22,0,1,5,10,4,11.75,0,0,5,10,3,11.0,0,7.6,2.6,0.32,Enrolled,0.46413052,Medium Risk,Management
1,1,1,171,1,1,125.0,1,19,19,5,4,136.2,1,0,1,1,1,0,21,0,6,12,12,11,11.545454545454543,0,4,11,18,9,11.7,1,8.9,1.4,3.51,Enrolled,0.46362126,Medium Risk,Animation & Multimedia
1,17,3,9147,1,1,125.0,1,3,38,2,10,118.7,1,0,0,1,0,0,18,0,0,5,16,4,10.666666666666666,0,0,5,11,2,12.0,0,13.9,-0.3,0.79,Enrolled,0.45743328,Medium Risk,Management
1,43,1,9773,1,1,140.0,1,3,37,3,7,116.9,0,0,0,1,1,0,32,0,6,11,15,7,11.285714285714286,0,5,7,10,6,12.333333333333334,0,13.9,-0.3,0.79,Enrolled,0.4568542,Medium Risk,Journalism
1,1,2,9773,1,1,133.0,1,3,1,2,4,130.2,0,0,0,1,1,0,19,0,0,6,9,5,12.6,0,6,10,16,8,11.0,1,8.9,1.4,3.51,Enrolled,0.45646954,Medium Risk,Journalism
2,43,1,9991,0,1,140.0,1,37,37,3,10,107.8,0,0,0,1,0,0,33,0,8,10,15,8,10.375,0,7,10,13,9,10.444444444444445,0,7.6,2.6,0.32,Enrolled,0.4561678,Medium Risk,Management (Evening)
1,43,1,8014,0,1,120.0,1,37,37,9,5,100.0,0,0,0,1,0,0,45,0,5,9,13,8,11.0,0,3,7,10,6,10.833333333333334,0,12.7,3.7,-1.7,Enrolled,0.45175526,Medium Risk,Social Service (Evening)
1,39,1,9991,0,1,160.0,41,37,19,9,9,160.0,0,0,0,1,0,1,31,1,0,5,13,4,10.5,0,0,5,10,4,10.5,0,15.5,2.8,-4.06,Enrolled,0.4436727,Medium Risk,Management (Evening)
1,1,1,9085,1,1,145.0,1,38,37,3,9,138.4,1,0,0,0,0,0,18,0,0,6,7,6,14.833333333333334,0,0,6,8,6,12.5,0,8.9,1.4,3.51,Enrolled,0.43432388,Medium Risk,Veterinary Nursing
1,1,1,9085,1,1,147.0,1,37,19,9,5,133.7,1,0,0,1,0,1,19,0,0,5,10,2,13.5,0,0,5,11,5,11.4,1,10.8,1.4,1.74,Enrolled,0.43411127,Medium Risk,Veterinary Nursing
1,39,1,8014,0,1,155.0,1,19,37,4,5,117.5,0,0,0,1,0,0,34,0,0,6,6,4,13.25,0,0,6,6,0,0.0,0,12.7,3.7,-1.7,Enrolled,0.4319254,Medium Risk,Social Service (Evening)
1,1,5,9773,1,1,125.0,1,37,3,5,2,126.1,1,0,0,1,1,0,22,0,0,6,10,5,13.4,0,0,6,12,3,10.666666666666666,0,9.4,-0.8,-3.12,Enrolled,0.42888764,Medium Risk,Journalism
1,39,1,9556,1,40,130.0,1,1,1,4,5,145.0,0,0,0,1,0,0,25,0,0,7,10,6,12.125,0,0,8,9,8,13.3125,0,15.5,2.8,-4.06,Enrolled,0.4282435,Medium Risk,Oral Hygiene
1,1,1,171,1,1,136.0,1,3,37,2,8,121.7,1,0,0,1,0,0,18,0,0,0,0,0,0.0,0,0,0,0,0,0.0,0,9.4,-0.8,-3.12,Enrolled,0.42642358,Medium Risk,Animation & Multimedia
2,53,1,9147,1,42,130.0,1,19,19,175,152,132.4,0,0,0,1,0,0,30,0,6,11,20,9,12.22222222222222,0,3,9,16,9,11.6,0,8.9,1.4,3.51,Enrolled,0.4244333,Medium Risk,Management
1,43,1,9991,0,1,120.0,1,37,37,9,8,122.5,1,0,0,1,0,0,29,0,8,13,16,8,10.5,0,8,12,19,9,10.333333333333334,0,9.4,-0.8,-3.12,Enrolled,0.42317683,Medium Risk,Management (Evening)
1,44,1,9085,1,1,130.0,1,1,1,4,3,130.0,1,0,0,1,0,0,20,0,0,6,13,5,11.8,0,0,6,19,4,12.0,0,12.4,0.5,1.79,Enrolled,0.41979662,Medium Risk,Veterinary Nursing
1,39,1,8014,0,19,100.0,1,37,37,5,5,111.0,1,0,0,1,0,1,26,0,0,6,10,3,12.333333333333334,0,0,6,14,3,11.666666666666666,0,7.6,2.6,0.32,Enrolled,0.4111127,Medium Risk,Social Service (Evening)
1,1,1,9773,1,1,127.0,1,5,3,4,4,122.8,1,0,0,1,1,0,20,0,0,6,7,6,12.166666666666666,0,0,6,9,3,12.0,0,12.4,0.5,1.79,Enrolled,0.4082206,Medium Risk,Journalism
1,1,3,9119,1,1,117.0,1,1,1,3,5,111.1,0,0,0,1,1,1,19,0,0,5,10,5,11.8,0,0,5,12,3,11.5,0,11.1,0.6,2.02,Enrolled,0.4080942,Medium Risk,Informatics Engineering
1,1,1,9773,1,1,117.0,1,1,19,4,4,109.3,0,0,0,1,1,0,19,0,0,6,11,4,12.25,0,0,6,10,3,12.666666666666666,0,7.6,2.6,0.32,Enrolled,0.40707994,Medium Risk,Journalism
2,43,1,9991,0,1,140.0,1,38,37,5,6,117.3,0,0,0,1,0,0,28,0,6,10,15,6,10.666666666666666,0,5,10,17,9,11.333333333333334,1,7.6,2.6,0.32,Enrolled,0.40410918,Medium Risk,Management (Evening)
2,39,1,9991,0,1,100.0,1,19,19,4,4,113.0,0,0,0,1,1,1,41,0,0,5,9,4,11.0,0,0,5,6,5,11.4,0,8.9,1.4,3.51,Enrolled,0.40202627,Medium Risk,Management (Evening)
1,17,5,9238,1,1,130.0,1,19,1,5,5,130.0,1,0,0,1,0,0,20,0,0,6,8,4,11.25,0,0,6,15,3,10.0,0,9.4,-0.8,-3.12,Enrolled,0.40162566,Medium Risk,Social Service
1,44,1,9085,1,39,140.0,1,1,1,3,7,140.0,1,0,0,1,0,0,20,0,2,6,11,5,14.2,0,0,6,12,2,13.5,0,13.9,-0.3,0.79,Enrolled,0.40069303,Medium Risk,Veterinary Nursing
1,51,1,9070,1,1,117.0,1,5,1,2,10,120.0,1,0,0,1,0,0,21,0,0,6,7,5,12.2,0,0,6,7,4,12.6,0,8.9,1.4,3.51,Enrolled,0.39750662,Low Risk,Communication Design
1,17,1,9147,1,1,120.0,1,3,3,2,2,112.0,0,0,0,1,0,0,20,0,0,5,10,4,11.0,0,0,5,7,4,11.5,0,15.5,2.8,-4.06,Enrolled,0.397195,Low Risk,Management
1,43,1,9556,1,1,128.0,1,38,38,7,8,123.5,1,0,0,1,0,0,22,0,0,7,14,6,10.744444444444444,1,0,8,10,8,11.8375,0,12.7,3.7,-1.7,Enrolled,0.39680573,Low Risk,Oral Hygiene
1,44,1,9003,1,39,150.0,1,4,5,4,2,150.0,0,0,0,1,1,0,21,0,0,6,15,5,11.857142857142858,0,0,6,17,5,10.571428571428571,0,16.2,0.3,-0.92,Enrolled,0.39654785,Low Risk,Agronomy
4,39,1,9991,0,1,130.0,1,38,19,9,7,148.0,0,0,0,1,0,1,31,0,0,5,11,4,11.25,0,0,5,10,4,10.833333333333334,0,13.9,-0.3,0.79,Enrolled,0.39331803,Low Risk,Management (Evening)
2,39,1,9500,1,1,130.0,1,37,37,191,183,163.7,0,0,0,1,0,0,35,0,0,7,11,5,13.34,0,0,7,9,5,10.84,0,12.4,0.5,1.79,Enrolled,0.393114,Low Risk,Nursing
1,1,2,9147,1,1,128.0,1,3,1,3,3,121.0,1,1,1,1,1,0,20,0,0,5,6,5,13.2,0,0,5,10,5,11.4,3,16.2,0.3,-0.92,Enrolled,0.38979107,Low Risk,Management
1,1,2,9773,1,1,133.1,1,38,19,4,7,98.0,1,0,0,1,1,1,19,0,0,6,8,4,12.0,0,0,6,8,6,12.285714285714286,0,15.5,2.8,-4.06,Enrolled,0.38895613,Low Risk,Journalism
1,44,1,9085,1,39,140.0,1,37,38,5,6,140.0,1,0,0,1,0,0,21,0,2,6,16,5,12.666666666666666,0,1,6,15,2,13.5,0,16.2,0.3,-0.92,Enrolled,0.38808337,Low Risk,Veterinary Nursing
1,44,1,9085,1,39,130.0,6,19,1,6,4,130.0,1,0,0,1,0,0,22,1,0,6,12,5,12.8,0,0,6,19,2,11.5,0,12.4,0.5,1.79,Enrolled,0.38511837,Low Risk,Veterinary Nursing
1,39,1,9238,1,1,170.0,1,38,19,9,9,140.0,1,0,0,1,0,0,24,0,0,6,9,4,15.75,0,0,6,10,5,16.4,0,9.4,-0.8,-3.12,Enrolled,0.38204333,Low Risk,Social Service
1,53,1,9070,1,42,130.0,1,40,19,3,5,130.0,1,0,0,0,0,1,22,0,0,6,8,6,11.0,0,0,6,10,4,12.0,0,8.9,1.4,3.51,Enrolled,0.3817139,Low Risk,Communication Design
5,39,1,9147,1,1,133.1,1,19,19,9,9,119.8,0,0,0,1,1,0,26,0,0,5,9,5,12.0,0,0,5,5,5,10.2,0,11.1,0.6,2.02,Enrolled,0.37889904,Low Risk,Management
1,17,1,171,1,1,144.0,1,37,37,9,6,129.3,1,0,0,1,1,1,18,0,0,0,0,0,0.0,0,0,0,0,0,0.0,0,7.6,2.6,0.32,Enrolled,0.3762653,Low Risk,Animation & Multimedia
1,1,1,9670,1,1,131.0,1,37,37,9,6,127.2,0,0,0,1,0,1,18,0,0,5,7,3,12.666666666666666,0,0,5,5,4,12.5,0,9.4,-0.8,-3.12,Enrolled,0.37345794,Low Risk,Advertising & Marketing
1,1,1,171,1,1,134.0,1,3,2,2,2,141.7,1,0,0,1,1,0,18,0,0,0,0,0,0.0,0,0,0,0,0,0.0,0,7.6,2.6,0.32,Enrolled,0.3723569,Low Risk,Animation & Multimedia
1,1,2,9853,1,1,123.0,1,19,1,194,103,115.3,1,0,0,1,0,0,20,0,0,7,8,6,13.5,0,0,7,8,6,14.0,0,11.1,0.6,2.02,Enrolled,0.37123844,Low Risk,Basic Education
1,17,2,9085,1,1,138.0,1,37,37,9,7,123.3,1,0,0,1,0,0,19,0,0,5,15,3,14.0,3,0,5,10,4,11.75,1,9.4,-0.8,-3.12,Enrolled,0.3696095,Low Risk,Veterinary Nursing
1,17,1,9254,1,1,121.0,1,1,1,4,4,123.1,1,0,0,1,1,0,21,0,0,6,11,6,11.166666666666666,0,0,6,14,3,14.666666666666666,0,7.6,2.6,0.32,Enrolled,0.3656542,Low Risk,Tourism
1,1,1,9991,0,1,140.0,1,37,37,9,9,124.6,0,0,0,1,0,0,29,0,0,5,11,5,11.4,0,0,5,10,4,10.25,0,15.5,2.8,-4.06,Enrolled,0.3640564,Low Risk,Management (Evening)
1,1,3,9500,1,1,128.0,1,1,1,7,7,120.5,1,0,0,1,0,1,19,0,0,7,10,5,13.04,0,0,7,7,7,12.5,0,12.4,0.5,1.79,Enrolled,0.36389178,Low Risk,Nursing
1,1,1,9773,1,1,120.0,1,38,37,9,9,114.8,1,1,0,1,0,0,19,0,0,6,11,4,12.25,0,0,6,11,3,11.0,0,7.6,2.6,0.32,Enrolled,0.36073536,Low Risk,Journalism
1,17,2,9070,1,1,152.0,1,39,39,3,3,134.2,1,0,0,1,1,0,20,0,0,6,7,5,11.8,0,0,6,9,4,12.0,0,15.5,2.8,-4.06,Enrolled,0.35998031,Low Risk,Communication Design
1,1,2,9147,1,1,128.0,1,1,1,9,6,120.3,0,0,0,1,1,0,19,0,0,5,9,5,10.8,0,0,5,13,2,13.5,0,8.9,1.4,3.51,Enrolled,0.35716844,Low Risk,Management
1,17,5,9500,1,1,130.0,1,19,1,9,4,128.8,1,0,0,1,0,0,18,0,0,7,8,6,13.39,0,0,8,10,7,12.757142857142856,0,11.1,0.6,2.02,Enrolled,0.35294485,Low Risk,Nursing
1,17,2,171,1,1,141.0,1,19,37,9,9,136.1,1,0,0,1,0,1,18,0,0,0,0,0,0.0,0,0,0,0,0,0.0,0,12.7,3.7,-1.7,Enrolled,0.3517992,Low Risk,Animation & Multimedia
1,39,1,9130,1,1,150.0,1,19,19,9,5,160.0,1,0,0,1,1,0,24,0,0,5,13,4,13.75,1,0,5,9,3,12.0,0,9.4,-0.8,-3.12,Enrolled,0.35118097,Low Risk,Equinculture
1,43,1,9070,1,1,160.0,1,1,2,4,2,100.0,0,0,0,1,1,0,38,0,1,6,9,5,16.0,1,0,6,11,4,16.5,0,13.9,-0.3,0.79,Enrolled,0.35090557,Low Risk,Communication Design
1,43,1,9670,1,39,110.0,1,19,3,7,10,110.0,0,0,0,1,0,0,21,0,0,6,8,5,11.833333333333334,0,0,6,8,4,13.25,2,16.2,0.3,-0.92,Enrolled,0.3497624,Low Risk,Advertising & Marketing
1,53,1,9991,0,1,140.0,1,38,38,191,193,135.0,0,0,1,1,0,0,23,0,6,11,18,8,12.375,0,3,9,15,5,12.6,0,8.9,1.4,3.51,Enrolled,0.34731308,Low Risk,Management (Evening)
1,17,2,9500,1,1,132.0,1,19,37,3,5,125.4,1,0,0,0,0,1,20,0,0,7,7,7,13.462857142857144,0,0,8,10,7,13.164285714285716,0,11.1,0.6,2.02,Enrolled,0.34701824,Low Risk,Nursing
1,53,1,9003,1,1,130.0,1,19,1,9,9,130.0,0,0,1,1,1,0,21,0,7,12,20,10,11.8,0,5,12,15,9,11.444444444444445,0,8.9,1.4,3.51,Enrolled,0.34646043,Low Risk,Agronomy
1,1,1,9147,1,1,138.0,1,37,37,194,171,131.0,1,0,0,1,0,0,19,0,0,5,9,4,11.0,0,0,5,8,3,10.666666666666666,0,12.4,0.5,1.79,Enrolled,0.34492388,Low Risk,Management
1,1,1,9147,1,1,130.0,1,19,19,9,7,119.5,1,0,0,1,1,1,18,0,0,5,7,4,11.25,0,0,5,6,4,12.25,0,12.4,0.5,1.79,Enrolled,0.34384987,Low Risk,Management
1,1,4,9773,1,1,137.0,1,3,19,2,3,139.8,1,1,0,1,0,0,18,0,0,6,10,6,12.571428571428571,0,0,6,11,6,12.571428571428571,0,10.8,1.4,1.74,Enrolled,0.34348807,Low Risk,Journalism
1,1,1,171,1,1,131.0,1,19,38,4,5,132.8,1,0,0,1,0,0,18,0,0,0,0,0,0.0,0,0,0,0,0,0.0,0,7.6,2.6,0.32,Enrolled,0.34310606,Low Risk,Animation & Multimedia
1,1,1,9130,1,1,117.0,1,1,1,9,9,109.3,1,0,0,1,0,0,20,0,0,5,10,4,12.5,0,0,5,12,2,13.0,0,12.7,3.7,-1.7,Enrolled,0.34103858,Low Risk,Equinculture
1,17,1,9238,1,1,132.0,1,37,37,9,9,123.6,1,0,0,1,0,0,18,0,0,6,9,4,11.5,0,0,6,10,4,10.75,0,7.6,2.6,0.32,Enrolled,0.33993974,Low Risk,Social Service
1,17,1,9670,1,1,123.0,1,37,38,3,3,122.0,0,0,1,1,1,0,19,0,0,6,7,6,13.166666666666666,0,0,6,9,5,13.2,0,8.9,1.4,3.51,Enrolled,0.33980453,Low Risk,Advertising & Marketing
1,1,1,9147,1,1,130.0,1,37,37,9,9,118.8,0,0,1,1,1,1,22,0,0,5,8,5,10.666666666666666,0,0,5,11,2,11.0,0,15.5,2.8,-4.06,Enrolled,0.3397889,Low Risk,Management
1,1,1,9500,1,1,135.0,1,38,19,194,193,135.4,1,0,0,1,1,0,21,0,0,7,9,6,12.565,0,0,8,12,5,12.16,0,11.1,0.6,2.02,Enrolled,0.33939046,Low Risk,Nursing
1,53,1,9003,1,42,130.0,1,38,38,9,9,130.0,1,0,1,1,1,0,20,0,7,12,16,11,12.545454545454543,0,5,10,12,8,11.625,0,8.9,1.4,3.51,Enrolled,0.3393024,Low Risk,Agronomy
1,1,3,9500,1,1,136.0,1,1,19,4,9,131.1,1,0,0,1,0,0,19,0,0,7,9,6,13.411428571428573,0,0,8,12,7,13.294444444444444,0,15.5,2.8,-4.06,Enrolled,0.33920854,Low Risk,Nursing
1,17,6,9500,1,1,136.0,1,3,38,2,9,125.7,1,0,0,1,0,0,20,0,0,7,8,6,13.548333333333334,0,0,8,11,6,14.775,0,11.1,0.6,2.02,Enrolled,0.33784404,Low Risk,Nursing
1,1,5,9500,1,1,130.0,1,1,3,9,10,118.1,1,0,0,1,1,0,18,0,0,7,10,6,12.035714285714286,0,0,8,9,7,13.75,0,13.9,-0.3,0.79,Enrolled,0.3339179,Low Risk,Nursing
2,39,1,9003,1,19,133.1,1,19,37,9,10,120.0,0,0,1,1,0,0,37,0,0,6,10,6,12.875,0,0,6,12,6,12.9,0,16.2,0.3,-0.92,Enrolled,0.32911953,Low Risk,Agronomy
2,7,1,9500,1,3,120.0,1,37,19,9,7,120.0,1,0,0,1,0,0,45,0,7,11,11,11,12.7,0,6,10,12,10,12.96818181818182,0,13.9,-0.3,0.79,Enrolled,0.32614633,Low Risk,Nursing
1,17,1,9670,1,1,128.0,1,37,37,9,9,135.7,1,0,0,1,1,0,19,0,0,6,7,5,13.2,0,0,6,10,5,13.25,0,10.8,1.4,1.74,Enrolled,0.32599798,Low Risk,Advertising & Marketing
1,1,1,9147,1,1,120.0,1,1,19,7,7,111.3,0,0,0,1,1,1,18,0,0,5,10,4,10.8,0,0,5,10,4,11.75,0,15.5,2.8,-4.06,Enrolled,0.32417387,Low Risk,Management
1,17,1,9147,1,1,120.0,1,3,38,3,7,124.2,1,0,0,1,1,0,18,0,0,5,13,5,12.0,0,0,5,9,4,11.4,0,13.9,-0.3,0.79,Enrolled,0.32343608,Low Risk,Management
1,5,1,171,1,1,137.0,1,3,19,1,10,144.7,1,0,0,1,1,0,20,0,0,0,0,0,0.0,0,0,0,0,0,0.0,0,16.2,0.3,-0.92,Enrolled,0.32206464,Low Risk,Animation & Multimedia
1,44,1,9085,1,39,140.0,1,3,1,2,3,140.0,1,0,0,1,0,0,19,0,0,6,10,5,12.666666666666666,0,0,6,19,4,11.75,0,12.4,0.5,1.79,Enrolled,0.32112572,Low Risk,Veterinary Nursing
1,43,1,9500,1,1,127.0,1,19,19,4,7,121.1,0,0,0,1,0,1,18,0,0,7,11,5,12.16,0,0,7,7,2,13.4,0,16.2,0.3,-0.92,Enrolled,0.32097596,Low Risk,Nursing
1,1,1,9670,1,1,143.0,1,3,38,2,9,144.1,1,0,0,1,0,0,19,0,0,6,7,5,12.6,0,0,6,10,5,12.375,0,10.8,1.4,1.74,Enrolled,0.3203448,Low Risk,Advertising & Marketing
1,42,1,9147,1,1,130.0,1,37,38,9,1,130.0,1,0,0,1,0,0,26,0,3,5,5,4,13.0,0,1,5,7,2,12.0,0,9.4,-0.8,-3.12,Enrolled,0.31952533,Low Risk,Management
1,1,3,9500,1,1,125.0,1,3,1,4,4,119.4,1,0,0,1,0,0,19,0,0,7,10,6,12.471428571428572,0,0,7,8,7,11.4625,0,12.4,0.5,1.79,Enrolled,0.3189746,Low Risk,Nursing
1,17,1,171,1,1,145.0,1,4,4,3,3,143.6,0,0,1,1,1,0,19,0,5,12,12,10,12.7,0,4,11,16,10,12.272727272727272,0,8.9,1.4,3.51,Enrolled,0.31560642,Low Risk,Animation & Multimedia
1,1,1,9238,1,1,157.0,1,3,38,1,5,136.7,1,0,0,1,0,0,22,0,0,6,11,4,12.5,1,0,6,13,3,13.666666666666666,0,9.4,-0.8,-3.12,Enrolled,0.3131394,Low Risk,Social Service
1,39,1,9254,1,12,133.1,1,37,37,5,7,119.3,1,0,0,1,1,0,25,0,0,6,7,6,11.166666666666666,0,0,6,11,4,11.8,0,9.4,-0.8,-3.12,Enrolled,0.3051937,Low Risk,Tourism
1,17,1,9670,1,1,155.0,1,1,19,4,8,134.7,1,0,0,1,0,0,20,0,0,6,8,5,13.4,0,0,6,10,4,13.0,0,12.7,3.7,-1.7,Enrolled,0.3051138,Low Risk,Advertising & Marketing
1,17,4,9070,1,1,125.0,1,1,3,3,3,128.9,0,0,0,1,0,1,18,0,0,6,9,5,11.6,0,0,6,8,4,11.2,0,8.9,1.4,3.51,Enrolled,0.30269408,Low Risk,Communication Design
1,1,1,9670,1,1,133.1,1,1,37,9,10,139.0,0,0,0,1,1,0,21,0,0,6,6,5,12.8,0,0,6,9,5,12.25,0,10.8,1.4,1.74,Enrolled,0.30014208,Low Risk,Advertising & Marketing
1,1,2,9773,1,1,122.0,1,37,37,9,9,126.9,1,0,0,1,0,1,19,0,0,6,11,4,11.0,0,0,6,11,3,11.666666666666666,0,9.4,-0.8,-3.12,Enrolled,0.29929072,Low Risk,Journalism
1,1,1,9254,1,1,143.0,1,2,37,1,1,133.2,1,0,0,1,0,0,19,0,0,6,9,5,13.4,0,0,6,16,2,13.5,0,10.8,1.4,1.74,Enrolled,0.29735935,Low Risk,Tourism
1,39,1,9238,1,1,160.0,1,38,1,9,3,124.0,0,0,1,1,1,0,28,0,2,8,15,7,11.0,0,0,6,17,1,10.0,0,10.8,1.4,1.74,Enrolled,0.29637772,Low Risk,Social Service
1,1,1,9670,1,1,127.0,1,1,37,4,9,128.1,0,0,0,1,1,0,19,0,0,5,8,4,12.5,0,0,5,6,4,11.0,0,7.6,2.6,0.32,Enrolled,0.29454768,Low Risk,Advertising & Marketing
2,43,1,9991,0,2,120.0,1,37,37,9,8,120.0,0,0,0,1,0,0,36,0,8,12,21,11,11.5,0,7,12,22,12,11.4375,0,9.4,-0.8,-3.12,Enrolled,0.29413262,Low Risk,Management (Evening)
1,17,2,9147,1,1,123.0,1,1,38,4,7,115.3,1,0,0,1,0,1,18,0,0,5,9,3,13.0,0,0,5,11,3,11.0,0,8.9,1.4,3.51,Enrolled,0.29121453,Low Risk,Management
1,17,5,9500,1,1,137.0,1,1,1,5,4,131.1,1,0,0,1,0,0,18,0,0,7,9,7,12.385714285714286,0,0,8,9,7,12.728571428571428,0,13.9,-0.3,0.79,Enrolled,0.29109043,Low Risk,Nursing
1,17,2,9085,1,1,123.0,1,1,19,4,9,113.6,1,0,0,1,0,0,19,0,0,5,13,3,12.0,2,0,5,8,4,11.75,0,9.4,-0.8,-3.12,Enrolled,0.28415093,Low Risk,Veterinary Nursing
1,17,4,9254,1,1,122.0,1,1,1,4,2,116.1,1,0,0,1,1,0,19,0,0,6,7,5,12.2,0,0,6,12,2,12.0,0,7.6,2.6,0.32,Enrolled,0.28226075,Low Risk,Tourism
1,17,2,9085,1,1,123.0,1,3,19,2,9,118.9,0,0,0,1,1,0,18,0,0,5,5,3,14.0,0,0,5,7,3,12.666666666666666,0,7.6,2.6,0.32,Enrolled,0.28200862,Low Risk,Veterinary Nursing
1,1,2,9130,1,1,140.0,1,19,37,9,9,129.5,1,0,0,1,0,0,18,0,0,5,10,4,13.5,1,0,5,5,5,13.4,0,12.7,3.7,-1.7,Enrolled,0.28094333,Low Risk,Equinculture
1,1,1,9500,1,1,127.0,1,3,1,2,8,121.4,0,0,0,1,1,0,20,0,0,7,10,5,13.976666666666668,0,0,8,9,8,13.22222222222222,0,12.4,0.5,1.79,Enrolled,0.27966258,Low Risk,Nursing
1,1,1,9773,1,1,127.0,1,1,19,7,7,121.8,1,0,0,1,0,1,20,0,0,6,11,4,14.0,0,0,6,12,3,11.0,0,9.4,-0.8,-3.12,Enrolled,0.27940056,Low Risk,Journalism
1,39,1,33,1,1,140.0,1,3,1,2,4,152.8,0,0,0,1,0,0,26,0,0,7,9,7,14.75,0,0,7,12,5,13.8,3,16.2,0.3,-0.92,Enrolled,0.2791224,Low Risk,Biofuel Production
1,1,1,9130,1,1,133.1,1,1,1,3,9,138.0,1,0,0,1,0,0,20,0,0,6,11,6,13.333333333333334,0,0,6,10,6,13.0,0,16.2,0.3,-0.92,Enrolled,0.27750826,Low Risk,Equinculture
1,1,1,9147,1,1,143.0,1,1,37,9,9,135.0,1,0,0,1,0,0,21,0,0,5,8,4,11.0,0,0,5,8,5,12.0,0,7.6,2.6,0.32,Enrolled,0.2765796,Low Risk,Management
1,44,1,9085,1,39,140.0,1,3,38,2,9,140.0,1,0,0,1,0,0,21,0,7,12,18,8,12.25,0,4,12,27,8,12.2,0,12.4,0.5,1.79,Enrolled,0.276024,Low Risk,Veterinary Nursing
2,39,1,8014,0,1,133.1,1,37,37,5,4,134.5,0,0,0,1,0,0,45,0,0,6,8,5,13.6,0,0,6,7,5,13.0,0,15.5,2.8,-4.06,Enrolled,0.27591732,Low Risk,Social Service (Evening)
1,1,1,9670,1,1,132.0,1,4,2,123,112,143.6,1,0,0,1,1,0,20,0,0,6,8,5,12.8,0,0,6,10,5,11.6,0,13.9,-0.3,0.79,Enrolled,0.27492195,Low Risk,Advertising & Marketing
4,39,1,9556,1,1,160.0,1,19,3,9,2,130.0,0,0,0,1,0,0,25,0,0,7,14,7,11.95,0,0,8,15,7,12.042857142857144,0,12.7,3.7,-1.7,Enrolled,0.27230108,Low Risk,Oral Hygiene
1,43,2,9670,1,1,129.0,1,3,3,5,5,122.4,1,0,0,1,0,0,19,0,0,5,5,4,13.75,0,0,6,9,5,12.6,0,12.7,3.7,-1.7,Enrolled,0.27138042,Low Risk,Advertising & Marketing
1,1,1,9254,1,1,118.0,1,37,37,7,7,114.2,0,0,0,1,0,0,18,0,0,6,10,5,12.2,0,0,6,10,5,11.6,0,16.2,0.3,-0.92,Enrolled,0.27122024,Low Risk,Tourism
1,1,1,9670,1,1,133.1,1,38,19,5,6,138.0,0,0,1,1,1,0,22,0,0,6,8,6,12.625,0,0,6,11,2,14.5,0,11.1,0.6,2.02,Enrolled,0.26966786,Low Risk,Advertising & Marketing
4,43,1,8014,0,12,133.1,1,34,34,0,0,106.0,1,0,0,1,0,0,48,0,0,6,9,5,13.0,0,0,6,10,4,12.5,0,7.6,2.6,0.32,Enrolled,0.2667449,Low Risk,Social Service (Evening)
1,1,6,9147,1,1,128.0,1,37,37,9,9,116.5,0,0,0,1,0,0,18,0,0,5,9,3,11.666666666666666,0,0,5,15,2,11.0,0,7.6,2.6,0.32,Enrolled,0.2641214,Low Risk,Management
1,44,1,9003,1,39,140.0,1,4,4,4,2,120.0,1,0,0,1,1,0,22,0,0,6,13,5,13.0,0,0,6,13,2,11.5,0,12.4,0.5,1.79,Enrolled,0.26330504,Low Risk,Agronomy
4,39,1,9003,1,1,140.0,1,37,37,9,8,150.0,0,0,0,1,1,0,28,0,0,6,12,5,12.0,0,0,6,10,6,12.333333333333334,0,11.1,0.6,2.02,Enrolled,0.26265484,Low Risk,Agronomy
1,17,1,9670,1,1,133.1,1,1,37,4,9,96.0,1,0,0,1,0,1,25,0,0,6,8,6,11.285714285714286,0,0,6,10,5,12.2,0,15.5,2.8,-4.06,Enrolled,0.26204088,Low Risk,Advertising & Marketing
1,39,1,8014,0,1,133.1,1,1,12,4,5,116.5,0,0,0,1,1,1,24,0,0,6,6,4,12.25,0,0,6,10,4,11.5,0,12.4,0.5,1.79,Enrolled,0.26195535,Low Risk,Social Service (Evening)
2,7,1,9147,1,3,110.0,1,19,1,9,9,110.0,0,0,0,1,0,0,33,0,5,8,10,6,12.833333333333334,0,2,5,8,4,12.0,0,11.1,0.6,2.02,Enrolled,0.26134458,Low Risk,Management
1,17,1,9556,1,1,133.0,1,1,38,4,9,119.0,0,0,0,1,0,0,19,0,0,7,10,6,11.15,0,0,7,7,7,12.814285714285717,0,12.7,3.7,-1.7,Enrolled,0.2575036,Low Risk,Oral Hygiene
1,1,1,171,1,1,133.0,1,37,19,9,8,141.4,0,0,0,1,1,1,20,0,0,0,0,0,0.0,0,0,0,0,0,0.0,0,13.9,-0.3,0.79,Enrolled,0.2571488,Low Risk,Animation & Multimedia
1,1,3,9085,1,1,135.0,1,3,2,4,3,121.0,1,0,0,1,0,0,18,0,0,5,14,3,12.333333333333334,2,0,5,8,5,11.6,0,9.4,-0.8,-3.12,Enrolled,0.2560346,Low Risk,Veterinary Nursing
1,17,6,9670,1,1,110.0,1,1,19,4,10,111.3,0,0,0,1,1,0,21,0,0,6,10,6,12.285714285714286,0,0,6,11,4,14.25,0,15.5,2.8,-4.06,Enrolled,0.25380287,Low Risk,Advertising & Marketing
1,1,1,171,1,1,137.0,1,1,3,3,7,146.5,1,0,1,1,1,0,19,0,6,12,13,11,12.0,0,4,11,15,10,11.181818181818182,0,8.9,1.4,3.51,Enrolled,0.25356928,Low Risk,Animation & Multimedia
1,39,2,9556,1,1,130.0,1,37,19,9,8,110.0,0,0,0,1,1,1,24,0,0,7,13,6,10.857142857142858,0,0,7,7,7,11.857142857142858,0,12.7,3.7,-1.7,Enrolled,0.25328466,Low Risk,Oral Hygiene
2,42,1,9991,0,6,123.0,1,37,37,9,9,123.0,0,0,0,1,1,0,37,0,0,5,10,5,15.8,0,0,5,5,5,17.6,0,9.4,-0.8,-3.12,Enrolled,0.25143093,Low Risk,Management (Evening)
1,18,1,9991,0,1,133.1,1,38,38,5,5,145.0,0,0,0,1,0,1,21,0,0,5,6,4,12.25,0,0,5,8,4,11.8,0,10.8,1.4,1.74,Enrolled,0.2513304,Low Risk,Management (Evening)
1,17,1,9773,1,1,121.0,1,37,19,9,10,113.7,0,0,0,1,0,0,18,0,0,6,8,5,12.6,0,0,6,10,6,12.428571428571429,0,15.5,2.8,-4.06,Enrolled,0.24997175,Low Risk,Journalism
1,17,2,9500,1,1,127.0,1,3,3,1,10,118.8,1,0,0,1,1,0,19,0,0,7,9,6,12.933333333333332,0,0,7,7,6,13.716666666666669,0,16.2,0.3,-0.92,Enrolled,0.2486933,Low Risk,Nursing
1,1,1,9773,1,1,150.0,1,1,1,4,4,138.1,1,0,0,1,0,0,19,0,0,6,7,6,14.0,0,0,6,7,5,15.0,0,11.1,0.6,2.02,Enrolled,0.24866192,Low Risk,Journalism
1,17,3,9147,1,1,118.0,1,1,19,5,7,118.0,0,0,0,1,0,0,20,0,0,5,11,4,11.0,0,0,5,7,5,13.2,0,12.4,0.5,1.79,Enrolled,0.24624157,Low Risk,Management
1,39,1,8014,0,1,120.0,100,1,1,4,7,119.5,0,0,1,1,0,0,25,1,2,6,6,6,11.333333333333334,0,0,6,6,4,11.75,0,8.9,1.4,3.51,Enrolled,0.24457958,Low Risk,Social Service (Evening)
2,7,1,9500,1,3,130.0,1,37,37,9,5,130.0,0,0,0,1,0,0,32,0,0,7,9,7,13.761111111111113,0,1,8,11,7,12.06375,0,15.5,2.8,-4.06,Enrolled,0.24285585,Low Risk,Nursing
2,39,2,9670,1,1,100.0,1,37,37,9,9,100.0,0,0,0,1,0,0,35,0,0,5,8,5,11.4,0,0,5,7,3,12.333333333333334,0,9.4,-0.8,-3.12,Enrolled,0.24279848,Low Risk,Advertising & Marketing
1,1,1,9500,1,1,124.0,1,19,37,3,8,117.5,1,0,0,1,1,0,19,0,0,8,10,5,12.858,3,0,8,10,5,12.858,3,9.4,-0.8,-3.12,Enrolled,0.24259031,Low Risk,Nursing
1,1,2,9773,1,1,132.0,1,38,1,9,9,124.3,1,0,0,1,0,0,19,0,0,6,6,5,12.2,0,0,6,7,5,10.8,0,10.8,1.4,1.74,Enrolled,0.2424426,Low Risk,Journalism
2,43,1,9991,0,1,134.0,1,37,37,9,9,113.7,0,0,0,1,0,0,32,0,1,5,5,5,10.2,0,0,5,9,4,11.25,0,9.4,-0.8,-3.12,Enrolled,0.24199286,Low Risk,Management (Evening)
1,1,4,9238,1,1,125.0,1,19,1,4,5,122.6,1,1,0,1,0,0,18,0,0,6,9,5,11.833333333333334,0,0,6,8,2,11.5,0,13.9,-0.3,0.79,Enrolled,0.24118319,Low Risk,Social Service
1,1,2,171,1,1,140.0,1,1,3,3,3,138.3,1,0,0,1,0,0,18,0,0,0,0,0,0.0,0,0,0,0,0,0.0,0,12.4,0.5,1.79,Enrolled,0.23677792,Low Risk,Animation & Multimedia
2,39,1,9147,1,1,110.0,1,37,37,9,10,140.0,0,0,0,1,0,0,41,0,0,5,14,4,14.5,1,0,5,12,5,13.0,0,9.4,-0.8,-3.12,Enrolled,0.23361245,Low Risk,Management
1,1,6,9773,1,1,145.0,1,1,19,4,4,131.0,1,0,0,1,0,1,18,0,0,6,6,6,12.166666666666666,0,0,6,10,5,11.2,0,7.6,2.6,0.32,Enrolled,0.23134813,Low Risk,Journalism
1,42,1,9003,1,39,120.0,1,3,1,2,6,128.2,1,0,0,1,1,0,24,0,4,9,13,8,13.333333333333334,0,5,10,12,9,13.11111111111111,0,16.2,0.3,-0.92,Enrolled,0.23091693,Low Risk,Agronomy
1,1,1,9147,1,1,132.0,1,38,37,7,7,131.3,1,0,0,1,0,0,18,0,0,5,8,4,12.0,0,0,5,8,4,12.25,0,9.4,-0.8,-3.12,Enrolled,0.22969493,Low Risk,Management
1,1,1,171,1,1,147.0,1,2,3,4,8,145.3,1,0,0,1,0,0,18,0,0,0,0,0,0.0,0,0,0,0,0,0.0,0,12.4,0.5,1.79,Enrolled,0.22902423,Low Risk,Animation & Multimedia
1,18,1,9147,1,1,100.0,1,38,38,5,5,101.8,1,0,0,1,0,0,24,0,0,5,5,5,10.8,0,0,5,11,2,11.0,0,10.8,1.4,1.74,Enrolled,0.22800246,Low Risk,Management
1,17,1,9773,1,1,144.0,1,19,19,4,4,130.7,1,0,0,1,0,0,20,0,0,6,9,6,11.666666666666666,0,0,6,8,5,11.6,0,7.6,2.6,0.32,Enrolled,0.22557393,Low Risk,Journalism
1,43,1,9500,1,1,133.1,1,38,19,9,10,114.5,0,0,0,1,0,0,23,0,0,7,11,6,12.1,0,0,7,7,6,12.616666666666667,0,16.2,0.3,-0.92,Enrolled,0.22526635,Low Risk,Nursing
1,43,1,9070,1,1,150.0,1,3,39,3,7,126.4,0,0,0,1,1,0,26,0,5,7,8,7,13.285714285714286,0,3,8,11,7,12.142857142857142,0,12.4,0.5,1.79,Enrolled,0.2243052,Low Risk,Communication Design
1,17,1,9147,1,1,136.0,1,1,1,9,3,122.7,1,0,0,1,1,0,18,0,0,5,6,5,12.0,0,0,5,7,4,12.5,0,15.5,2.8,-4.06,Enrolled,0.22100891,Low Risk,Management
2,39,1,9500,1,1,133.1,1,37,37,9,9,109.0,1,0,0,1,0,0,39,0,0,7,8,5,12.16,0,0,7,8,5,12.16,0,7.6,2.6,0.32,Enrolled,0.22052343,Low Risk,Nursing
1,44,1,9003,1,1,120.0,1,3,2,2,6,120.0,1,0,0,1,1,0,21,0,4,9,14,7,11.285714285714286,2,2,8,15,4,12.25,0,12.7,3.7,-1.7,Enrolled,0.2202633,Low Risk,Agronomy
1,1,1,9147,1,1,117.0,1,19,19,5,7,118.4,0,0,0,1,1,0,20,0,0,5,8,5,10.0,0,0,5,10,2,12.0,0,7.6,2.6,0.32,Enrolled,0.21901931,Low Risk,Management
1,43,1,9500,1,1,140.0,1,19,38,9,7,125.7,1,0,0,1,1,1,19,0,0,7,8,5,11.2,0,0,7,8,5,11.2,0,7.6,2.6,0.32,Enrolled,0.21757418,Low Risk,Nursing
1,16,1,171,1,1,145.0,1,3,3,3,3,155.0,1,0,0,1,0,0,24,0,11,17,19,11,12.909090909090908,0,9,13,15,9,13.555555555555555,0,12.4,0.5,1.79,Enrolled,0.21672535,Low Risk,Animation & Multimedia
2,1,1,9147,1,1,137.0,1,19,37,9,9,124.4,0,0,0,1,0,0,19,0,0,5,6,4,11.25,0,0,5,10,3,11.714285714285714,0,10.8,1.4,1.74,Enrolled,0.21531294,Low Risk,Management
1,1,1,8014,0,1,123.0,1,3,1,2,9,127.6,1,0,0,1,1,0,26,0,0,6,6,6,11.833333333333334,0,0,6,6,6,11.666666666666666,0,10.8,1.4,1.74,Enrolled,0.21346071,Low Risk,Social Service (Evening)
1,16,2,9147,1,1,132.0,1,37,37,9,9,122.6,1,0,0,1,0,1,20,0,0,5,8,3,12.0,0,0,5,9,4,12.625,0,10.8,1.4,1.74,Enrolled,0.21328507,Low Risk,Management
1,1,1,9070,1,1,132.0,1,4,39,2,2,136.6,1,0,0,1,0,0,18,0,1,6,10,6,11.714285714285714,1,0,6,15,6,10.375,0,13.9,-0.3,0.79,Enrolled,0.2130543,Low Risk,Communication Design
1,39,1,9991,0,1,130.0,1,37,37,9,9,151.6,0,0,0,1,0,0,24,0,0,5,9,5,12.285714285714286,0,0,5,8,5,12.125,0,16.2,0.3,-0.92,Enrolled,0.21255231,Low Risk,Management (Evening)
1,51,1,9085,1,40,120.0,1,3,3,4,2,125.0,0,0,0,1,0,0,28,0,0,6,8,6,14.428571428571429,0,0,6,12,4,15.6,0,11.1,0.6,2.02,Enrolled,0.21253371,Low Risk,Veterinary Nursing
1,1,5,9500,1,1,101.0,1,1,1,3,4,102.4,0,0,0,1,0,0,20,0,0,7,9,5,12.04,0,0,7,9,6,11.77142857142857,0,12.4,0.5,1.79,Enrolled,0.21240218,Low Risk,Nursing
1,17,1,9500,1,1,141.0,1,2,38,2,10,135.4,1,0,0,1,0,0,18,0,0,7,9,7,12.50625,0,0,8,15,5,13.2,0,13.9,-0.3,0.79,Enrolled,0.21050353,Low Risk,Nursing
1,44,1,9003,1,39,130.0,1,3,1,4,6,130.0,0,0,0,1,1,0,19,0,0,6,8,5,11.5,0,0,6,11,6,11.333333333333334,0,12.4,0.5,1.79,Enrolled,0.20929064,Low Risk,Agronomy
1,39,1,8014,0,1,120.0,1,37,37,9,7,106.8,0,0,0,1,0,0,49,0,0,6,9,5,12.333333333333334,0,0,6,12,4,11.5,0,13.9,-0.3,0.79,Enrolled,0.20863202,Low Risk,Social Service (Evening)
1,17,1,9254,1,1,120.0,1,19,19,4,4,125.5,0,0,0,1,1,0,18,0,0,5,6,5,12.0,0,0,5,8,3,11.333333333333334,0,12.7,3.7,-1.7,Enrolled,0.20604154,Low Risk,Tourism
1,17,2,9853,1,1,114.0,1,1,19,9,9,111.9,1,0,0,1,1,1,20,0,0,6,6,6,12.0,0,0,6,7,6,12.5,0,7.6,2.6,0.32,Enrolled,0.20503093,Low Risk,Basic Education
1,17,1,9119,1,1,122.0,1,19,19,9,9,114.7,0,0,0,1,1,0,20,0,0,5,6,5,15.8,0,0,5,8,5,13.714285714285714,0,11.1,0.6,2.02,Enrolled,0.2038167,Low Risk,Informatics Engineering
1,1,1,9085,1,1,125.0,1,19,37,3,7,126.8,0,0,0,1,0,0,18,0,0,6,13,6,12.0,0,0,6,16,4,12.75,0,11.1,0.6,2.02,Enrolled,0.20373136,Low Risk,Veterinary Nursing
1,1,4,9500,1,1,126.0,1,12,1,5,10,120.2,0,0,0,1,0,1,19,0,0,7,9,5,14.06,0,0,7,9,7,11.242857142857142,0,12.4,0.5,1.79,Enrolled,0.20350216,Low Risk,Nursing
1,1,2,9500,1,1,113.0,1,38,19,9,7,106.7,1,0,0,1,0,1,20,0,0,7,10,5,12.62,0,0,7,8,6,12.5,0,11.1,0.6,2.02,Enrolled,0.20299658,Low Risk,Nursing
1,39,1,9003,1,1,130.0,1,38,19,9,6,120.0,1,0,0,1,1,0,28,0,7,13,19,8,11.625,0,5,10,17,6,11.0,0,15.5,2.8,-4.06,Enrolled,0.20298235,Low Risk,Agronomy
1,17,1,9238,1,1,123.0,1,1,1,9,9,113.2,0,0,0,1,0,1,20,0,0,6,11,4,10.75,0,0,6,13,5,11.5,0,15.5,2.8,-4.06,Enrolled,0.2028299,Low Risk,Social Service
1,1,5,9773,1,1,127.0,1,38,1,4,5,121.1,1,0,0,1,0,0,18,0,0,6,6,6,13.166666666666666,0,0,6,6,6,12.5,0,15.5,2.8,-4.06,Enrolled,0.20282339,Low Risk,Journalism
1,39,1,9254,1,1,160.0,1,19,37,7,10,100.0,0,0,0,1,1,0,26,0,0,6,7,6,12.0,0,0,6,8,5,10.8,0,12.7,3.7,-1.7,Enrolled,0.20260075,Low Risk,Tourism
1,43,1,9238,1,1,110.0,1,37,37,9,9,110.0,0,0,0,1,0,0,36,0,10,16,24,13,10.692307692307692,1,9,13,19,9,12.307692307692308,0,15.5,2.8,-4.06,Enrolled,0.19890319,Low Risk,Social Service
1,44,1,9119,1,39,180.0,1,1,1,9,8,180.0,0,0,0,1,1,1,20,0,3,7,12,6,14.142857142857142,0,1,6,10,6,14.125,0,12.4,0.5,1.79,Enrolled,0.1965126,Low Risk,Informatics Engineering
2,39,2,9556,1,1,133.1,105,1,3,9,2,152.8,1,0,0,1,0,0,28,1,0,7,9,7,12.428571428571429,0,0,8,8,8,12.3,0,12.4,0.5,1.79,Enrolled,0.19643608,Low Risk,Oral Hygiene
1,1,1,9070,1,1,132.0,1,1,1,4,9,136.6,1,0,0,1,1,0,19,0,0,6,7,5,11.4,0,0,6,10,3,11.0,3,7.6,2.6,0.32,Enrolled,0.1951116,Low Risk,Communication Design
1,39,1,9003,1,19,133.1,1,19,37,1,1,140.0,0,0,1,1,1,0,24,0,0,6,10,6,14.88888888888889,0,0,6,11,6,13.727272727272728,0,16.2,0.3,-0.92,Enrolled,0.1925229,Low Risk,Agronomy
1,39,1,9500,1,40,130.0,1,37,37,9,7,130.0,0,0,0,1,0,0,27,0,3,8,12,7,12.457142857142856,0,3,8,12,7,12.457142857142856,0,12.7,3.7,-1.7,Enrolled,0.19215791,Low Risk,Nursing
1,5,1,9085,1,1,150.0,1,1,1,4,4,139.4,0,0,0,1,0,0,18,0,0,5,9,3,12.0,1,0,5,6,4,13.0,0,7.6,2.6,0.32,Enrolled,0.19075736,Low Risk,Veterinary Nursing
1,43,1,8014,0,1,148.0,1,37,37,9,9,134.7,0,0,0,1,0,0,23,0,9,13,15,9,11.0,0,4,11,12,7,11.571428571428571,0,15.5,2.8,-4.06,Enrolled,0.18959224,Low Risk,Social Service (Evening)
1,17,2,9254,1,1,135.0,1,19,19,4,3,135.0,1,0,0,1,1,0,20,0,0,6,8,6,11.833333333333334,0,0,6,9,5,10.4,0,7.6,2.6,0.32,Enrolled,0.1870759,Low Risk,Tourism
1,1,2,9085,1,1,118.0,1,1,19,3,3,112.4,1,0,0,1,1,0,21,0,0,5,7,4,11.5,0,0,5,15,3,10.6,4,10.8,1.4,1.74,Enrolled,0.18678987,Low Risk,Veterinary Nursing
1,39,2,9556,1,1,130.0,1,37,37,9,9,159.0,1,0,0,1,0,0,25,0,0,7,11,7,11.857142857142858,0,0,8,21,5,11.7,0,12.4,0.5,1.79,Enrolled,0.18674283,Low Risk,Oral Hygiene
2,39,1,8014,0,1,133.1,1,37,37,6,8,100.0,0,0,1,1,0,0,37,0,3,8,12,7,11.375,0,2,7,10,6,12.166666666666666,0,13.9,-0.3,0.79,Enrolled,0.18580891,Low Risk,Social Service (Evening)
1,1,1,9670,1,1,132.0,1,1,19,7,5,129.9,1,0,0,1,1,0,20,0,0,6,10,6,12.714285714285714,0,0,6,8,4,13.0,0,12.4,0.5,1.79,Enrolled,0.18574195,Low Risk,Advertising & Marketing
1,1,1,9254,1,1,133.1,1,37,37,1,1,97.0,0,0,0,1,1,0,27,0,0,6,6,6,10.666666666666666,0,0,6,8,4,11.25,0,10.8,1.4,1.74,Enrolled,0.18452531,Low Risk,Tourism
1,1,1,9085,1,1,146.0,1,1,1,9,7,126.0,0,0,0,1,0,0,19,0,0,5,7,3,12.333333333333334,0,0,5,7,4,10.25,0,7.6,2.6,0.32,Enrolled,0.18114518,Low Risk,Veterinary Nursing
1,16,5,9085,1,1,134.0,1,19,37,8,8,123.9,1,0,0,1,1,0,18,0,0,5,11,5,13.0,2,0,5,7,5,12.4,0,9.4,-0.8,-3.12,Enrolled,0.17808475,Low Risk,Veterinary Nursing
1,1,3,9500,1,1,154.0,1,3,3,1,3,129.0,1,0,0,1,0,0,18,0,0,8,9,6,13.345,2,0,8,9,6,13.345,2,9.4,-0.8,-3.12,Enrolled,0.17514968,Low Risk,Nursing
1,51,1,9147,1,1,130.0,1,19,38,9,8,115.7,0,0,0,1,1,0,20,0,0,5,7,5,11.0,0,0,5,7,3,10.0,0,8.9,1.4,3.51,Enrolled,0.17495877,Low Risk,Management
1,43,1,9147,1,1,123.0,1,3,19,9,9,113.2,0,0,0,1,0,0,21,0,3,10,18,6,11.166666666666666,2,4,10,16,7,10.571428571428571,0,7.6,2.6,0.32,Enrolled,0.17330371,Low Risk,Management
1,16,1,171,1,1,158.0,1,38,37,9,9,164.3,1,0,0,1,1,1,18,0,0,0,0,0,0.0,0,0,0,0,0,0.0,0,10.8,1.4,1.74,Enrolled,0.17287226,Low Risk,Animation & Multimedia
1,17,1,9773,1,1,133.1,1,38,38,9,5,117.0,0,0,0,1,0,0,21,0,0,6,8,5,11.8,0,0,6,8,5,11.833333333333334,0,15.5,2.8,-4.06,Enrolled,0.17243342,Low Risk,Journalism
1,1,4,9147,1,1,120.0,1,38,38,5,10,111.3,0,0,0,1,1,0,20,0,0,5,8,5,10.2,0,0,5,7,5,11.2,0,12.4,0.5,1.79,Enrolled,0.17162988,Low Risk,Management
1,1,1,9254,1,1,100.0,1,19,19,5,5,101.8,1,0,0,1,0,0,21,0,0,6,8,5,11.6,0,0,6,6,5,13.0,0,12.4,0.5,1.79,Enrolled,0.17022252,Low Risk,Tourism
1,17,5,9238,1,1,131.0,1,19,37,5,7,120.2,1,0,0,1,0,1,19,0,0,6,9,5,11.333333333333334,0,0,6,6,6,10.833333333333334,0,13.9,-0.3,0.79,Enrolled,0.16684529,Low Risk,Social Service
1,1,1,9085,1,1,129.0,1,1,2,3,1,125.9,1,0,0,1,0,0,19,0,0,5,13,4,12.0,2,0,5,8,3,12.0,0,9.4,-0.8,-3.12,Enrolled,0.16388676,Low Risk,Veterinary Nursing
1,1,4,9500,1,1,136.0,1,1,1,9,1,133.0,1,0,0,1,0,0,19,0,0,7,8,5,13.98,0,0,7,8,5,13.98,0,7.6,2.6,0.32,Enrolled,0.1610881,Low Risk,Nursing
1,39,1,9003,1,19,133.1,1,37,37,9,4,140.0,0,0,0,1,1,0,43,0,0,6,8,6,12.875,0,0,6,14,5,12.142857142857142,0,16.2,0.3,-0.92,Enrolled,0.16073307,Low Risk,Agronomy
1,17,1,9773,1,1,128.0,1,38,19,9,10,125.2,1,0,0,1,1,0,18,0,0,6,6,6,12.666666666666666,0,0,6,7,5,13.6,0,12.4,0.5,1.79,Enrolled,0.16020408,Low Risk,Journalism
1,17,1,9147,1,1,110.0,1,1,1,4,4,99.0,0,0,0,1,1,0,21,0,0,5,5,5,11.0,0,0,5,11,3,11.428571428571429,0,10.8,1.4,1.74,Enrolled,0.15919161,Low Risk,Management
1,1,1,9147,1,1,151.0,1,37,1,4,10,138.4,0,0,0,1,0,0,18,0,0,5,6,4,11.25,0,0,5,8,5,11.0,0,10.8,1.4,1.74,Enrolled,0.15874925,Low Risk,Management
1,43,1,9070,1,1,150.0,1,2,3,3,2,140.8,0,0,0,1,0,0,19,0,1,6,6,5,12.4,0,0,6,8,6,12.75,0,10.8,1.4,1.74,Enrolled,0.15785445,Low Risk,Communication Design
1,1,3,9085,1,1,134.0,1,38,19,9,5,129.1,0,0,0,1,0,0,19,0,0,5,7,3,12.0,0,0,5,7,4,13.5,0,7.6,2.6,0.32,Enrolled,0.15783824,Low Risk,Veterinary Nursing
1,39,2,9991,0,1,172.0,1,19,37,9,8,150.0,1,0,0,1,0,1,28,0,0,5,7,5,10.6,0,0,5,6,5,10.2,0,9.4,-0.8,-3.12,Enrolled,0.15544577,Low Risk,Management (Evening)
1,1,2,9670,1,1,117.0,1,3,1,3,5,110.7,1,0,0,1,1,0,20,0,0,6,10,5,14.0,0,0,6,10,6,12.0,0,11.1,0.6,2.02,Enrolled,0.15534331,Low Risk,Advertising & Marketing
1,39,1,9500,1,1,148.0,1,3,19,2,5,130.0,0,0,0,1,0,0,24,0,0,8,12,7,12.714285714285714,0,0,8,12,7,12.714285714285714,0,12.7,3.7,-1.7,Enrolled,0.15518953,Low Risk,Nursing
1,1,5,9500,1,1,125.0,1,1,1,3,8,115.6,1,0,0,1,0,0,18,0,0,7,9,6,12.183333333333332,0,0,7,9,6,11.783333333333331,0,16.2,0.3,-0.92,Enrolled,0.15414834,Low Risk,Nursing
1,18,4,9556,1,1,127.0,1,1,38,4,7,121.8,1,0,0,1,0,0,20,0,0,7,14,7,11.4375,0,0,8,9,8,11.425,0,12.7,3.7,-1.7,Enrolled,0.15405679,Low Risk,Oral Hygiene
1,1,1,9670,1,1,127.0,1,19,1,5,7,118.3,1,0,0,1,0,0,18,0,0,6,7,6,12.333333333333334,0,0,6,10,3,12.0,0,13.9,-0.3,0.79,Enrolled,0.1537039,Low Risk,Advertising & Marketing
1,17,1,9238,1,1,148.0,1,1,1,4,9,129.8,0,0,0,1,0,0,20,0,0,6,11,5,10.6,0,0,6,11,4,10.4,0,15.5,2.8,-4.06,Enrolled,0.15062842,Low Risk,Social Service
1,1,2,9500,1,1,133.1,1,37,37,9,9,99.0,1,0,0,1,1,0,22,0,0,7,9,6,12.833333333333334,0,0,8,12,6,12.5,0,16.2,0.3,-0.92,Enrolled,0.1480328,Low Risk,Nursing
2,39,1,9147,1,1,140.0,1,37,37,6,10,131.8,0,0,0,1,0,0,35,0,0,5,6,4,14.2,0,0,5,10,4,11.857142857142858,0,10.8,1.4,1.74,Enrolled,0.14673574,Low Risk,Management
1,1,1,9773,1,1,145.0,1,19,38,4,10,131.7,1,0,0,1,0,0,18,0,0,6,7,6,12.666666666666666,0,0,6,8,4,12.25,0,7.6,2.6,0.32,Enrolled,0.14460789,Low Risk,Journalism
1,17,3,9773,1,1,135.0,1,1,19,5,7,135.0,0,0,0,1,0,0,18,0,0,6,6,6,13.5,0,0,6,6,6,13.333333333333334,0,12.4,0.5,1.79,Enrolled,0.14213435,Low Risk,Journalism
1,1,3,9254,1,1,129.0,1,37,38,7,7,122.0,1,0,0,1,0,1,18,0,0,6,9,6,10.833333333333334,0,0,6,8,5,11.0,0,7.6,2.6,0.32,Enrolled,0.14125082,Low Risk,Tourism
1,17,3,9147,1,1,125.0,1,38,19,7,7,125.7,0,0,0,1,0,0,20,0,0,5,7,5,11.166666666666666,0,0,5,9,4,10.75,0,15.5,2.8,-4.06,Enrolled,0.1404061,Low Risk,Management
1,17,1,9500,1,1,160.0,1,38,38,7,7,147.8,0,0,0,1,0,0,20,0,0,7,11,6,11.757142857142856,0,0,8,12,6,13.083333333333334,0,15.5,2.8,-4.06,Enrolled,0.1399824,Low Risk,Nursing
1,43,1,9130,1,1,100.0,41,3,4,3,2,100.0,0,0,0,1,0,0,19,1,0,5,10,5,14.857142857142858,2,0,5,7,5,15.142857142857142,0,9.4,-0.8,-3.12,Enrolled,0.13996364,Low Risk,Equinculture
1,44,1,9085,1,39,140.0,1,38,38,9,7,140.0,0,0,0,1,0,0,20,0,2,6,9,6,12.666666666666666,0,1,6,12,2,13.0,0,13.9,-0.3,0.79,Enrolled,0.13943541,Low Risk,Veterinary Nursing
1,44,1,9085,1,39,140.0,1,1,39,3,9,140.0,1,0,0,1,0,0,20,0,1,6,9,6,12.666666666666666,0,1,6,10,4,11.5,0,13.9,-0.3,0.79,Enrolled,0.13928632,Low Risk,Veterinary Nursing
1,43,1,9500,1,1,170.0,1,19,37,8,8,100.0,0,0,0,1,0,0,20,0,0,7,8,6,13.25,0,0,8,8,8,13.75,0,13.9,-0.3,0.79,Enrolled,0.13898036,Low Risk,Nursing
1,39,1,9003,1,1,140.0,1,19,19,9,6,135.4,1,0,0,1,0,0,24,0,0,6,10,5,11.8,0,0,6,13,4,11.25,0,12.4,0.5,1.79,Enrolled,0.13800502,Low Risk,Agronomy
1,1,1,9147,1,1,128.0,1,38,37,5,6,122.1,0,0,0,1,0,1,18,0,0,5,11,4,11.571428571428571,0,0,5,9,5,12.0,0,13.9,-0.3,0.79,Enrolled,0.13764969,Low Risk,Management
1,1,3,9070,1,1,125.0,1,19,38,9,9,125.4,1,0,0,1,0,0,19,0,0,6,7,5,12.4,0,0,6,6,5,12.4,0,9.4,-0.8,-3.12,Enrolled,0.13683066,Low Risk,Communication Design
1,44,1,9003,1,1,140.0,1,1,1,4,5,140.0,0,0,0,1,1,0,20,0,0,6,11,6,11.285714285714286,0,0,6,12,5,11.77777777777778,0,16.2,0.3,-0.92,Enrolled,0.13680093,Low Risk,Agronomy
1,1,1,9238,1,1,108.0,1,19,38,9,9,107.3,0,1,0,1,0,1,19,0,0,6,12,4,10.4,0,0,6,11,4,10.75,0,12.4,0.5,1.79,Enrolled,0.1359888,Low Risk,Social Service
1,44,1,9130,1,39,150.0,1,1,1,4,4,150.0,1,0,0,1,0,0,20,0,0,5,7,4,12.0,1,0,5,6,4,12.4,0,10.8,1.4,1.74,Enrolled,0.13419802,Low Risk,Equinculture
1,1,1,9070,1,1,124.0,1,19,37,4,4,126.8,0,0,0,1,0,1,18,0,1,6,8,6,12.0,1,0,6,12,5,11.142857142857142,0,13.9,-0.3,0.79,Enrolled,0.13306078,Low Risk,Communication Design
1,43,1,8014,0,1,130.0,1,38,3,132,122,100.0,0,0,0,1,1,0,54,0,9,13,14,13,13.307692307692308,0,7,11,12,11,12.818181818181818,0,12.7,3.7,-1.7,Enrolled,0.13166597,Low Risk,Social Service (Evening)
1,1,2,9500,1,1,117.0,1,19,1,4,7,112.1,0,0,0,1,0,1,20,0,0,7,9,5,13.188,0,0,8,9,7,12.892857142857142,0,11.1,0.6,2.02,Enrolled,0.1310095,Low Risk,Nursing
1,43,3,9500,1,1,126.0,1,38,37,6,5,124.3,1,0,0,1,0,1,18,0,0,7,8,5,11.98,0,0,7,8,5,11.98,0,7.6,2.6,0.32,Enrolled,0.12997234,Low Risk,Nursing
1,43,1,9500,1,1,130.0,1,38,38,9,5,100.0,0,0,0,1,0,0,20,0,0,7,11,6,11.616666666666667,0,0,7,7,7,13.0,0,13.9,-0.3,0.79,Enrolled,0.12890068,Low Risk,Nursing
1,17,1,9670,1,1,141.0,1,1,19,8,7,128.8,1,0,0,1,0,0,19,0,0,6,6,6,14.833333333333334,0,0,6,8,6,13.285714285714286,0,8.9,1.4,3.51,Enrolled,0.12813775,Low Risk,Advertising & Marketing
1,44,1,9991,0,39,150.0,1,37,37,6,6,150.0,0,0,0,1,0,0,31,0,2,6,8,6,12.0,0,2,7,8,7,13.428571428571429,0,9.4,-0.8,-3.12,Enrolled,0.1279386,Low Risk,Management (Evening)
1,1,2,9500,1,1,130.0,1,1,38,9,9,125.1,1,0,0,1,0,1,18,0,0,7,9,6,12.816666666666668,0,0,8,11,6,12.875,0,11.1,0.6,2.02,Enrolled,0.12618768,Low Risk,Nursing
1,17,1,9500,1,1,128.0,1,1,1,4,5,124.7,0,0,0,1,1,1,19,0,0,7,11,6,12.528571428571428,0,0,7,10,6,12.416666666666666,0,15.5,2.8,-4.06,Enrolled,0.12444634,Low Risk,Nursing
1,1,2,9500,1,1,106.0,1,1,19,4,4,106.4,1,0,0,1,0,1,19,0,0,7,9,5,13.34,0,0,7,9,6,12.385714285714286,0,12.4,0.5,1.79,Enrolled,0.12098215,Low Risk,Nursing
1,43,1,9556,1,1,149.0,1,1,1,4,8,140.2,1,1,0,1,0,0,20,0,1,7,9,7,12.333333333333334,0,0,8,8,8,12.625,0,12.7,3.7,-1.7,Enrolled,0.12055835,Low Risk,Oral Hygiene
1,1,5,9070,1,1,123.0,1,3,1,9,3,121.3,1,0,0,1,0,0,20,0,0,6,6,6,11.166666666666666,0,0,6,9,6,11.5,0,12.4,0.5,1.79,Enrolled,0.11898124,Low Risk,Communication Design
2,39,1,8014,0,1,140.0,1,37,3,9,10,172.0,0,0,0,1,1,0,44,0,5,11,21,9,12.333333333333334,0,8,11,16,9,11.0,0,12.4,0.5,1.79,Enrolled,0.118704855,Low Risk,Social Service (Evening)
1,43,1,8014,0,1,120.0,1,38,19,5,4,118.3,0,0,0,1,0,0,20,0,2,6,6,6,12.166666666666666,0,0,6,7,5,14.0,0,12.7,3.7,-1.7,Enrolled,0.117326416,Low Risk,Social Service (Evening)
1,17,1,9670,1,1,115.0,1,1,1,4,4,109.1,1,0,0,1,0,1,19,0,0,6,7,6,13.285714285714286,0,0,6,9,5,14.6,0,12.4,0.5,1.79,Enrolled,0.1170822,Low Risk,Advertising & Marketing
1,15,1,33,1,1,133.1,41,2,3,2,4,100.0,0,0,0,1,1,0,20,1,0,7,10,7,12.857142857142858,0,0,7,7,4,12.75,0,8.9,1.4,3.51,Enrolled,0.11697793,Low Risk,Biofuel Production
1,1,3,9500,1,1,131.0,1,19,3,3,2,126.1,1,0,0,1,0,0,18,0,0,7,8,7,12.59125,0,0,8,11,7,12.820000000000002,0,15.5,2.8,-4.06,Enrolled,0.11636133,Low Risk,Nursing
1,1,1,9147,1,1,131.0,1,3,19,3,10,123.3,0,0,0,1,1,0,19,0,0,5,7,5,11.8,0,0,5,8,4,12.4,2,16.2,0.3,-0.92,Enrolled,0.11528672,Low Risk,Management
1,5,1,9670,1,1,135.0,1,1,12,4,4,140.3,1,0,0,1,0,0,19,0,0,6,7,6,13.428571428571429,0,0,6,6,4,14.0,0,12.4,0.5,1.79,Enrolled,0.1146976,Low Risk,Advertising & Marketing
1,43,1,9500,1,1,125.0,1,37,37,9,7,123.6,1,0,0,1,0,1,18,0,0,7,8,5,12.86,0,0,7,8,5,12.86,0,7.6,2.6,0.32,Enrolled,0.114126325,Low Risk,Nursing
1,1,1,9147,1,1,118.0,1,1,2,10,10,117.3,1,0,0,1,0,0,19,0,0,5,9,4,12.25,0,0,5,10,4,12.0,0,8.9,1.4,3.51,Enrolled,0.11325498,Low Risk,Management
1,1,1,9085,1,1,140.0,6,1,19,4,7,131.6,1,0,0,1,0,0,20,1,0,7,9,6,14.714285714285714,0,1,7,16,6,13.2,0,12.4,0.5,1.79,Enrolled,0.11305102,Low Risk,Veterinary Nursing
1,1,1,9254,1,1,140.0,1,19,19,9,3,130.0,0,0,0,1,1,0,21,0,0,6,8,6,12.571428571428571,0,0,6,10,4,13.0,0,12.7,3.7,-1.7,Enrolled,0.11265356,Low Risk,Tourism
1,39,1,9500,1,1,100.0,1,3,1,2,5,121.3,1,0,0,1,0,0,34,0,0,8,11,7,11.705714285714285,0,0,8,11,7,11.705714285714285,0,10.8,1.4,1.74,Enrolled,0.11242805,Low Risk,Nursing
1,17,1,9130,1,1,138.0,1,2,19,2,6,126.3,1,0,0,1,0,1,18,0,0,6,7,6,12.833333333333334,1,0,6,8,6,13.0,0,8.9,1.4,3.51,Enrolled,0.1119217,Low Risk,Equinculture
4,1,1,9991,0,1,140.0,1,37,37,9,7,139.0,0,0,0,1,0,1,38,0,0,5,8,5,11.0,0,0,5,7,5,11.4,0,9.4,-0.8,-3.12,Enrolled,0.111628495,Low Risk,Management (Evening)
1,44,1,9085,1,39,140.0,1,1,19,9,9,140.0,1,0,0,1,0,0,20,0,1,6,13,6,12.555555555555555,0,1,6,11,5,11.8,0,16.2,0.3,-0.92,Enrolled,0.10673301,Low Risk,Veterinary Nursing
1,15,1,171,1,1,130.0,26,1,1,2,9,130.0,0,0,0,1,1,0,21,1,6,12,12,12,15.083333333333334,0,4,11,15,11,13.083333333333334,0,8.9,1.4,3.51,Enrolled,0.10537357,Low Risk,Animation & Multimedia
1,1,2,9147,1,1,129.0,1,38,19,3,7,118.9,1,0,0,1,0,0,19,0,0,5,8,4,12.8,0,0,5,10,3,14.5,0,10.8,1.4,1.74,Enrolled,0.10513968,Low Risk,Management
1,39,1,8014,0,1,100.0,1,37,37,6,6,108.3,0,0,0,1,1,0,39,0,0,6,8,5,11.4,0,1,6,12,3,11.0,1,7.6,2.6,0.32,Enrolled,0.10292085,Low Risk,Social Service (Evening)
1,51,1,9147,1,1,130.0,1,1,1,4,4,120.0,0,0,0,1,0,0,21,0,0,5,9,5,12.8,0,0,5,11,3,12.666666666666666,0,11.1,0.6,2.02,Enrolled,0.1026182,Low Risk,Management
1,1,2,9500,1,1,133.1,1,19,38,192,192,96.0,1,0,0,1,0,0,19,0,0,7,10,6,13.598333333333334,0,0,8,11,6,11.933333333333332,0,11.1,0.6,2.02,Enrolled,0.10129378,Low Risk,Nursing
1,1,2,9070,1,1,129.0,1,1,1,4,9,132.9,1,0,0,1,1,1,20,0,0,6,9,6,11.375,0,0,6,6,5,13.8,0,7.6,2.6,0.32,Enrolled,0.10126778,Low Risk,Communication Design
1,1,1,9085,1,1,135.0,1,1,2,9,1,134.3,1,0,0,1,0,0,19,0,0,5,7,5,14.2,2,0,5,7,5,13.8,0,12.7,3.7,-1.7,Enrolled,0.10074281,Low Risk,Veterinary Nursing
2,51,1,8014,0,19,133.1,1,37,37,9,9,104.0,0,0,1,1,0,0,42,0,5,11,14,10,11.9,0,5,11,14,10,12.8,0,11.1,0.6,2.02,Enrolled,0.10067967,Low Risk,Social Service (Evening)
1,1,1,9238,1,1,135.0,1,37,19,5,10,121.0,0,0,1,1,0,0,18,0,0,6,10,5,10.6,0,0,6,14,2,10.0,0,7.6,2.6,0.32,Enrolled,0.10007952,Low Risk,Social Service
1,1,1,9773,1,1,143.0,1,3,3,2,5,144.8,0,0,0,1,0,0,19,0,0,6,6,6,12.166666666666666,0,0,6,6,6,12.5,0,16.2,0.3,-0.92,Enrolled,0.09985908,Low Risk,Journalism
1,51,1,9147,1,1,160.0,1,1,37,9,10,118.0,0,0,0,1,0,0,53,0,14,15,15,15,11.8,0,12,13,13,12,11.666666666666666,1,8.9,1.4,3.51,Enrolled,0.09886512,Low Risk,Management
1,1,3,9254,1,1,122.0,1,19,38,3,10,114.3,1,0,0,1,0,1,20,0,0,6,8,5,12.8,0,0,6,9,5,12.8,0,12.4,0.5,1.79,Enrolled,0.09684523,Low Risk,Tourism
1,1,1,9238,1,1,132.0,1,37,37,9,7,129.9,1,0,0,1,0,0,20,0,0,6,7,5,13.2,0,0,6,6,6,12.666666666666666,0,10.8,1.4,1.74,Enrolled,0.09574656,Low Risk,Social Service
1,39,1,9147,1,12,133.1,1,37,37,9,7,139.4,0,0,1,1,0,0,41,0,0,5,6,5,11.6,0,0,5,8,5,12.2,0,7.6,2.6,0.32,Enrolled,0.094986424,Low Risk,Management
1,18,1,9853,1,1,133.1,1,1,19,141,182,106.0,1,0,1,1,0,0,21,0,0,7,7,7,13.0,0,0,7,8,6,12.5,0,8.9,1.4,3.51,Enrolled,0.09481148,Low Risk,Basic Education
1,17,1,9238,1,1,126.0,1,37,19,9,8,116.9,1,0,0,1,0,0,21,0,0,6,11,6,10.375,0,0,6,12,3,11.666666666666666,0,12.7,3.7,-1.7,Enrolled,0.094042756,Low Risk,Social Service
1,1,1,9670,1,1,126.0,1,37,19,7,7,125.7,0,0,0,1,0,0,20,0,0,6,9,6,13.571428571428571,0,0,6,10,5,13.6,0,15.5,2.8,-4.06,Enrolled,0.094038025,Low Risk,Advertising & Marketing
1,1,1,9085,1,1,132.0,1,1,12,4,5,124.3,0,0,0,1,0,0,20,0,0,6,10,6,13.428571428571429,0,0,6,11,5,12.666666666666666,0,13.9,-0.3,0.79,Enrolled,0.093837105,Low Risk,Veterinary Nursing
1,51,1,9238,1,1,122.0,1,19,3,5,2,112.6,0,0,1,1,0,0,20,0,5,11,18,8,12.625,0,4,10,10,3,11.0,0,11.1,0.6,2.02,Enrolled,0.0937203,Low Risk,Social Service
1,17,3,9070,1,1,131.0,1,38,37,5,5,120.2,1,0,0,1,1,0,18,0,0,6,6,6,12.833333333333334,0,0,6,8,5,11.4,0,15.5,2.8,-4.06,Enrolled,0.09342201,Low Risk,Communication Design
1,1,3,9500,1,1,113.0,1,3,1,134,135,107.8,1,0,0,1,0,1,20,0,0,7,10,5,14.46,0,0,7,8,6,13.55,0,12.4,0.5,1.79,Enrolled,0.09322032,Low Risk,Nursing
1,1,2,9147,1,1,125.0,1,1,19,4,9,124.0,1,0,0,1,0,0,19,0,0,5,5,5,11.2,0,0,5,11,4,11.75,0,10.8,1.4,1.74,Enrolled,0.093104035,Low Risk,Management
1,7,1,9991,0,40,120.0,1,43,3,3,3,120.0,0,0,0,1,0,0,27,0,0,5,5,5,15.2,0,0,5,6,5,14.0,0,11.1,0.6,2.02,Enrolled,0.09220967,Low Risk,Management (Evening)
1,1,6,9500,1,1,122.0,1,1,1,3,7,114.3,1,0,0,1,1,0,18,0,0,7,8,6,13.976666666666668,0,0,8,12,6,12.041666666666666,1,11.1,0.6,2.02,Enrolled,0.09203174,Low Risk,Nursing
1,1,4,9500,1,1,126.0,1,19,19,7,9,121.3,1,0,0,1,0,1,18,0,0,7,9,6,13.533333333333331,0,0,7,7,7,12.228571428571428,0,12.4,0.5,1.79,Enrolled,0.09062223,Low Risk,Nursing
1,44,1,9085,1,39,150.0,1,37,37,9,9,150.0,0,0,0,1,0,0,20,0,2,6,8,6,13.0,0,1,6,18,2,12.0,0,12.4,0.5,1.79,Enrolled,0.08994744,Low Risk,Veterinary Nursing
1,17,3,9070,1,1,145.0,1,3,3,4,4,153.1,1,0,0,1,0,1,20,0,0,6,6,6,12.5,0,0,6,6,6,14.333333333333334,0,12.7,3.7,-1.7,Enrolled,0.08984836,Low Risk,Communication Design
5,1,3,9085,1,1,133.0,1,19,19,4,7,119.7,1,0,0,1,0,0,21,0,0,5,13,5,12.2,2,0,5,10,3,11.333333333333334,1,9.4,-0.8,-3.12,Enrolled,0.08952815,Low Risk,Veterinary Nursing
1,1,4,9238,1,1,125.0,1,19,38,9,6,114.9,1,0,1,1,0,1,19,0,0,6,9,5,11.4,0,0,6,9,3,10.0,0,8.9,1.4,3.51,Enrolled,0.088325895,Low Risk,Social Service
1,1,1,9254,1,1,125.0,1,37,37,9,9,122.9,0,0,0,1,1,1,19,0,0,6,7,6,11.166666666666666,0,0,6,12,3,11.666666666666666,0,10.8,1.4,1.74,Enrolled,0.0872506,Low Risk,Tourism
1,17,4,9085,1,1,106.0,1,37,1,3,9,106.0,0,0,0,1,0,0,20,0,0,6,9,6,13.166666666666666,0,0,6,8,4,14.0,0,13.9,-0.3,0.79,Enrolled,0.08685396,Low Risk,Veterinary Nursing
1,1,1,9670,1,1,122.0,1,12,12,5,7,126.6,1,0,0,1,0,0,18,0,0,6,8,6,14.625,0,0,6,9,6,14.142857142857142,0,11.1,0.6,2.02,Enrolled,0.086398005,Low Risk,Advertising & Marketing
2,39,1,9991,0,1,150.0,1,1,4,4,2,146.0,0,0,0,1,1,0,34,0,0,5,5,5,14.2,0,0,5,5,5,14.6,0,12.7,3.7,-1.7,Enrolled,0.08573826,Low Risk,Management (Evening)
1,17,1,9070,1,1,131.0,1,19,19,7,7,125.1,0,0,0,1,1,0,18,0,0,6,7,6,12.333333333333334,0,0,6,10,5,10.8,4,16.2,0.3,-0.92,Enrolled,0.08531412,Low Risk,Communication Design
1,1,1,9254,1,1,112.0,1,38,19,9,5,113.8,1,0,0,1,0,0,21,0,0,6,10,6,10.833333333333334,0,0,6,10,4,11.0,0,7.6,2.6,0.32,Enrolled,0.08481367,Low Risk,Tourism
1,44,1,9085,1,1,140.0,1,1,2,3,3,140.0,0,0,0,1,0,0,20,0,0,6,7,6,14.285714285714286,0,0,6,9,3,13.0,0,13.9,-0.3,0.79,Enrolled,0.08474835,Low Risk,Veterinary Nursing
1,1,1,9254,1,1,131.0,1,37,19,9,9,134.5,1,0,0,1,1,0,25,0,0,6,8,6,13.166666666666666,0,0,6,8,5,12.6,0,7.6,2.6,0.32,Enrolled,0.08385878,Low Risk,Tourism
1,1,1,9147,1,1,120.0,1,34,34,99,99,111.6,0,0,1,1,1,1,21,0,0,5,5,5,12.6,0,0,5,9,3,12.833333333333334,0,10.8,1.4,1.74,Enrolled,0.083705164,Low Risk,Management
1,1,1,9254,1,1,160.0,1,19,38,9,9,140.8,1,0,0,1,1,0,23,0,0,6,8,6,12.666666666666666,0,0,6,10,5,12.2,0,7.6,2.6,0.32,Enrolled,0.08250263,Low Risk,Tourism
1,17,2,9500,1,1,145.0,1,2,38,3,8,136.3,1,0,0,1,0,0,18,0,0,8,12,7,12.285714285714286,0,0,8,12,7,12.285714285714286,0,12.7,3.7,-1.7,Enrolled,0.08242608,Low Risk,Nursing
1,1,2,9670,1,1,143.0,1,37,37,9,7,131.8,1,0,0,1,0,1,18,0,0,6,8,6,13.571428571428571,0,0,6,6,5,12.8,0,12.4,0.5,1.79,Enrolled,0.08148967,Low Risk,Advertising & Marketing
1,39,1,9500,1,1,133.1,1,1,38,3,7,121.7,0,0,0,1,0,1,27,0,0,7,8,6,12.6,0,0,7,9,6,11.685714285714283,0,12.4,0.5,1.79,Enrolled,0.07985639,Low Risk,Nursing
1,43,1,9147,1,1,142.0,1,38,19,141,171,115.0,0,0,0,1,0,0,19,0,0,5,11,5,11.5,0,0,5,9,2,10.666666666666666,0,13.9,-0.3,0.79,Enrolled,0.079558134,Low Risk,Management
1,1,1,9238,1,1,108.0,1,1,38,5,8,105.9,0,0,0,1,0,1,20,0,0,6,11,5,10.6,0,0,6,9,5,11.166666666666666,0,11.1,0.6,2.02,Enrolled,0.07894013,Low Risk,Social Service
1,1,1,9070,1,1,140.0,1,19,38,4,4,138.3,0,0,0,1,1,0,20,0,1,6,8,6,13.428571428571429,1,0,6,12,4,11.5,0,13.9,-0.3,0.79,Enrolled,0.07818078,Low Risk,Communication Design
1,1,4,9670,1,1,130.0,1,1,1,9,9,124.1,1,0,0,1,0,0,18,0,0,6,6,6,14.166666666666666,0,0,6,7,6,13.428571428571429,0,8.9,1.4,3.51,Enrolled,0.07532996,Low Risk,Advertising & Marketing
1,1,1,9147,1,1,124.0,1,38,19,3,10,128.6,1,0,0,1,0,0,20,0,0,5,5,4,12.0,0,0,4,4,2,11.5,0,7.6,2.6,0.32,Enrolled,0.07356352,Low Risk,Management
1,1,1,9147,1,1,123.0,1,1,19,4,5,117.8,0,0,0,1,1,0,20,0,0,5,9,5,12.0,0,0,5,9,4,13.0,0,8.9,1.4,3.51,Enrolled,0.07316615,Low Risk,Management
1,1,3,9670,1,1,121.0,1,1,19,5,5,111.9,1,0,0,1,1,1,20,0,0,6,7,6,11.333333333333334,0,0,6,10,4,10.571428571428571,0,10.8,1.4,1.74,Enrolled,0.07299802,Low Risk,Advertising & Marketing
1,17,3,9500,1,1,132.0,1,3,1,2,7,125.5,1,0,0,1,1,0,18,0,0,8,8,7,13.154285714285717,0,0,8,8,7,13.154285714285717,0,10.8,1.4,1.74,Enrolled,0.07180486,Low Risk,Nursing
1,1,1,9085,1,1,122.0,1,1,1,2,5,113.3,1,0,0,1,0,0,18,0,0,5,9,4,14.25,0,0,5,8,5,12.714285714285714,0,10.8,1.4,1.74,Enrolled,0.07175056,Low Risk,Veterinary Nursing
1,17,3,9147,1,1,137.0,1,1,1,4,7,124.4,1,0,0,1,0,0,18,0,0,5,5,5,12.6,0,0,5,5,4,11.0,0,11.1,0.6,2.02,Enrolled,0.07169215,Low Risk,Management
1,42,1,9003,1,39,140.0,1,19,1,5,5,140.0,0,0,0,1,0,0,22,0,0,6,10,6,12.571428571428571,0,0,6,12,4,13.666666666666666,0,15.5,2.8,-4.06,Enrolled,0.07139511,Low Risk,Agronomy
1,1,1,9500,1,1,136.0,1,2,2,3,3,120.0,1,0,0,1,1,0,18,0,0,7,8,6,11.833333333333334,0,0,7,8,6,11.833333333333334,0,7.6,2.6,0.32,Enrolled,0.070503674,Low Risk,Nursing
1,1,2,9670,1,1,122.0,1,1,19,4,4,116.1,0,0,0,1,1,1,19,0,0,6,10,6,13.125,0,0,6,9,6,12.714285714285714,0,11.1,0.6,2.02,Enrolled,0.069388494,Low Risk,Advertising & Marketing
1,1,4,9070,1,1,140.0,1,4,19,2,10,125.0,1,0,0,1,1,0,19,0,0,6,7,6,12.666666666666666,0,0,6,8,6,12.142857142857142,0,9.4,-0.8,-3.12,Enrolled,0.068749055,Low Risk,Communication Design
1,1,1,9085,1,1,135.0,1,19,38,9,5,136.8,1,0,0,1,0,0,18,0,0,5,11,5,14.0,3,0,5,7,5,11.6,0,9.4,-0.8,-3.12,Enrolled,0.06846969,Low Risk,Veterinary Nursing
1,17,2,9070,1,1,142.0,1,3,1,2,4,141.0,1,0,0,1,1,0,18,0,0,6,6,6,13.0,0,0,6,8,1,10.0,0,10.8,1.4,1.74,Enrolled,0.068105154,Low Risk,Communication Design
1,1,2,9085,1,1,130.0,1,37,19,9,8,129.0,0,0,0,1,0,0,20,0,0,5,7,4,11.75,0,0,5,9,2,10.5,0,7.6,2.6,0.32,Enrolled,0.065253444,Low Risk,Veterinary Nursing
1,44,1,9003,1,39,140.0,1,37,37,9,1,140.0,0,0,0,1,1,1,20,0,0,6,11,5,13.833333333333334,0,0,6,13,6,12.3,0,15.5,2.8,-4.06,Enrolled,0.06514279,Low Risk,Agronomy
1,1,1,9238,1,1,138.0,1,37,37,9,9,135.9,1,0,0,1,0,0,19,0,0,6,11,5,11.6,0,0,6,11,6,11.666666666666666,0,7.6,2.6,0.32,Enrolled,0.06365476,Low Risk,Social Service
1,1,1,9254,1,1,120.0,1,1,1,9,10,118.3,0,0,0,1,1,0,20,0,0,6,8,6,12.857142857142858,0,0,6,9,5,12.4,0,8.9,1.4,3.51,Enrolled,0.062422864,Low Risk,Tourism
1,1,2,9070,1,1,129.0,1,3,4,2,2,136.4,1,0,0,1,0,0,18,0,0,6,6,6,12.333333333333334,0,0,6,6,6,12.833333333333334,0,7.6,2.6,0.32,Enrolled,0.062281687,Low Risk,Communication Design
1,1,3,9070,1,1,128.0,1,19,19,3,3,129.8,1,0,0,1,0,0,20,0,0,6,6,6,11.833333333333334,0,0,6,6,3,13.333333333333334,0,9.4,-0.8,-3.12,Enrolled,0.06226946,Low Risk,Communication Design
1,1,1,9500,1,1,106.0,1,37,38,191,163,102.2,1,0,1,1,1,0,20,0,0,7,7,7,12.401428571428571,0,0,8,10,6,11.808333333333332,0,11.1,0.6,2.02,Enrolled,0.06140216,Low Risk,Nursing
2,39,1,9500,1,19,133.1,1,37,38,9,7,100.5,1,0,0,1,1,0,43,0,0,8,8,7,11.635714285714286,0,0,8,8,7,11.635714285714286,0,10.8,1.4,1.74,Enrolled,0.059330046,Low Risk,Nursing
1,1,1,9147,1,1,129.0,1,37,37,9,7,117.8,0,0,0,1,0,1,19,0,0,5,6,4,11.0,0,0,5,9,4,13.857142857142858,0,10.8,1.4,1.74,Enrolled,0.058191344,Low Risk,Management
1,43,1,9238,1,1,122.0,1,19,19,5,5,114.3,1,0,0,1,0,0,22,0,5,10,15,8,11.0,0,2,7,16,5,11.2,0,9.4,-0.8,-3.12,Enrolled,0.057746362,Low Risk,Social Service
1,17,3,9500,1,1,132.0,1,19,3,9,5,130.8,1,0,0,1,0,0,18,0,0,8,8,7,13.68142857142857,0,0,8,8,7,13.68142857142857,0,10.8,1.4,1.74,Enrolled,0.057741314,Low Risk,Nursing
1,17,1,9003,1,1,119.0,1,37,37,4,6,113.2,0,0,1,1,0,0,20,0,0,6,8,6,13.333333333333334,0,0,6,8,5,14.0,0,11.1,0.6,2.02,Enrolled,0.057428114,Low Risk,Agronomy
1,44,1,9003,1,39,140.0,1,37,37,9,4,140.0,0,0,0,1,0,0,24,0,0,6,10,6,11.428571428571429,0,0,6,12,5,13.0,0,12.4,0.5,1.79,Enrolled,0.056652542,Low Risk,Agronomy
1,1,1,9085,1,1,138.0,1,19,19,3,3,131.0,1,0,0,1,0,0,18,0,0,5,9,5,12.666666666666666,2,0,5,7,4,13.0,0,9.4,-0.8,-3.12,Enrolled,0.056234535,Low Risk,Veterinary Nursing
1,1,1,9500,1,1,149.0,1,37,37,9,9,138.0,0,0,0,1,1,0,18,0,0,8,11,6,13.496666666666668,1,0,8,11,6,13.496666666666668,1,9.4,-0.8,-3.12,Enrolled,0.0552968,Low Risk,Nursing
2,39,1,9238,1,19,133.1,1,1,2,4,6,130.0,0,0,0,1,0,0,31,0,0,6,6,6,13.166666666666666,0,0,6,8,6,13.0,0,9.4,-0.8,-3.12,Enrolled,0.05288381,Low Risk,Social Service
1,17,1,9070,1,1,123.0,1,4,37,2,9,113.9,0,0,0,1,0,0,18,0,0,6,8,6,12.5,0,0,6,6,6,12.333333333333334,0,15.5,2.8,-4.06,Enrolled,0.05244128,Low Risk,Communication Design
1,1,1,9254,1,1,128.0,1,19,38,9,9,127.0,0,0,0,1,0,0,19,0,0,6,6,6,12.0,0,0,6,7,4,12.75,0,12.4,0.5,1.79,Enrolled,0.050378438,Low Risk,Tourism
1,39,1,9500,1,1,130.0,1,38,37,5,7,120.0,1,0,0,1,0,1,25,0,0,8,11,7,13.29,3,0,8,11,7,13.29,3,9.4,-0.8,-3.12,Enrolled,0.05015187,Low Risk,Nursing
1,43,1,9500,1,1,120.0,1,37,37,9,6,120.0,1,0,0,1,0,0,26,0,0,7,8,6,12.0,0,0,7,8,6,12.0,0,7.6,2.6,0.32,Enrolled,0.04925498,Low Risk,Nursing
1,1,3,9147,1,1,131.0,1,19,38,9,7,132.4,1,0,0,1,0,0,19,0,0,5,5,5,11.8,0,0,5,8,4,11.25,0,9.4,-0.8,-3.12,Enrolled,0.049182944,Low Risk,Management
1,1,3,9070,1,1,110.0,1,37,37,9,9,107.6,1,0,0,1,1,1,22,0,0,6,6,6,11.666666666666666,0,0,6,6,6,12.166666666666666,0,7.6,2.6,0.32,Enrolled,0.049057886,Low Risk,Communication Design
1,1,2,9773,1,1,130.0,1,19,19,5,6,137.4,0,0,0,1,0,0,19,0,0,6,6,6,15.0,0,0,6,7,6,14.0,0,15.5,2.8,-4.06,Enrolled,0.047559787,Low Risk,Journalism
1,1,1,9254,1,1,115.0,1,19,1,3,7,113.6,0,0,0,1,1,0,23,0,0,6,10,6,13.0,0,0,6,9,6,12.0,0,11.1,0.6,2.02,Enrolled,0.04708741,Low Risk,Tourism
1,1,1,9500,1,1,131.0,1,19,19,4,4,122.0,1,0,0,1,0,0,20,0,0,8,8,7,14.014285714285714,0,0,8,8,7,14.014285714285714,0,12.7,3.7,-1.7,Enrolled,0.04682236,Low Risk,Nursing
1,17,1,9238,1,1,128.0,1,38,19,191,175,118.6,1,0,0,1,0,1,21,0,0,6,8,5,13.2,0,0,6,7,5,11.8,0,8.9,1.4,3.51,Enrolled,0.046586294,Low Risk,Social Service
1,39,1,9003,1,1,133.1,6,1,1,192,144,129.8,0,0,0,1,1,0,24,1,0,7,7,7,13.571428571428571,0,0,6,9,5,13.4,0,8.9,1.4,3.51,Enrolled,0.045938853,Low Risk,Agronomy
1,1,1,9238,1,1,151.0,1,19,38,9,9,157.0,1,0,1,1,0,1,18,0,0,6,8,5,11.6,0,0,6,12,4,11.0,0,7.6,2.6,0.32,Enrolled,0.045424946,Low Risk,Social Service
1,1,1,9254,1,1,128.0,1,19,19,7,8,120.0,1,0,0,1,0,1,20,0,0,6,6,6,14.5,0,0,6,7,5,15.0,0,12.4,0.5,1.79,Enrolled,0.044241413,Low Risk,Tourism
1,1,3,9147,1,1,127.0,1,1,38,5,7,123.5,1,0,0,1,0,1,19,0,0,5,5,5,11.6,0,0,5,11,3,12.666666666666666,0,9.4,-0.8,-3.12,Enrolled,0.041318957,Low Risk,Management
1,1,1,9238,1,1,135.0,1,37,1,3,5,121.0,0,0,0,1,0,0,21,0,0,6,11,5,11.2,0,0,6,15,1,10.0,0,7.6,2.6,0.32,Enrolled,0.040857624,Low Risk,Social Service
1,1,1,9500,1,1,139.0,1,37,38,6,6,121.3,1,0,0,1,0,1,19,0,0,8,10,6,11.833333333333334,0,0,8,10,6,11.833333333333334,0,9.4,-0.8,-3.12,Enrolled,0.040599104,Low Risk,Nursing
1,1,2,8014,0,1,96.0,1,3,1,3,9,100.0,0,0,0,1,0,0,20,0,0,6,10,5,12.0,0,0,6,9,4,11.25,0,9.4,-0.8,-3.12,Enrolled,0.04044663,Low Risk,Social Service (Evening)
1,44,1,9991,0,39,140.0,1,37,19,9,8,140.0,0,0,0,1,0,1,26,0,2,6,7,6,12.666666666666666,0,2,6,7,6,13.166666666666666,1,9.4,-0.8,-3.12,Enrolled,0.040433004,Low Risk,Management (Evening)
1,1,3,9070,1,1,125.0,1,1,38,9,7,118.0,0,0,0,1,0,1,18,0,0,6,6,6,14.333333333333334,0,0,6,7,6,14.0,0,11.1,0.6,2.02,Enrolled,0.04016634,Low Risk,Communication Design
1,17,6,9147,1,1,121.0,1,19,38,7,9,123.8,0,0,0,1,0,1,19,0,0,5,5,5,12.4,0,0,5,8,3,11.0,0,12.7,3.7,-1.7,Enrolled,0.03889311,Low Risk,Management
1,1,1,171,1,1,133.1,1,19,38,9,8,128.2,1,0,0,1,1,1,19,0,6,12,12,12,13.333333333333334,0,4,11,15,10,12.818181818181818,0,8.9,1.4,3.51,Enrolled,0.03660495,Low Risk,Animation & Multimedia
1,1,4,9500,1,1,127.0,1,19,37,7,7,121.5,1,0,0,1,1,0,20,0,0,7,7,6,13.016666666666666,0,0,7,7,6,13.016666666666666,0,7.6,2.6,0.32,Enrolled,0.035471506,Low Risk,Nursing
1,43,1,9500,1,1,121.0,1,38,19,5,5,115.4,1,0,0,1,0,1,24,0,0,8,8,7,11.971428571428572,0,0,8,8,7,11.971428571428572,0,12.7,3.7,-1.7,Enrolled,0.033578422,Low Risk,Nursing
1,1,3,9500,1,1,131.0,1,37,37,9,9,118.0,1,0,0,1,0,1,18,0,0,8,8,7,13.242857142857144,0,0,8,8,7,13.242857142857144,0,12.7,3.7,-1.7,Enrolled,0.031240467,Low Risk,Nursing
2,1,1,8014,0,1,121.0,1,37,37,9,9,114.4,1,0,0,1,0,0,45,0,8,12,14,12,14.0,0,2,7,12,7,13.857142857142858,0,7.6,2.6,0.32,Enrolled,0.031071246,Low Risk,Social Service (Evening)
1,1,6,9500,1,1,145.0,1,19,37,9,9,132.3,1,0,0,1,0,1,19,0,0,8,8,7,14.06,0,0,8,8,7,14.06,0,10.8,1.4,1.74,Enrolled,0.028953671,Low Risk,Nursing
1,17,1,9070,1,1,136.0,1,1,37,4,5,130.8,0,0,0,1,0,0,20,0,0,6,6,6,12.5,0,0,6,8,6,11.5,0,10.8,1.4,1.74,Enrolled,0.02853429,Low Risk,Communication Design
1,1,3,9500,1,1,143.0,1,37,38,7,7,133.8,1,0,0,1,0,0,18,0,0,8,8,8,14.26875,0,0,8,8,8,14.26875,0,9.4,-0.8,-3.12,Enrolled,0.027153777,Low Risk,Nursing
6,39,1,8014,0,1,133.1,1,37,37,9,9,119.0,0,0,0,1,0,1,48,0,0,6,7,6,10.666666666666666,0,0,6,9,5,11.8,0,10.8,1.4,1.74,Enrolled,0.026566004,Low Risk,Social Service (Evening)
1,1,5,9500,1,1,135.0,1,37,37,7,7,124.0,1,0,0,1,0,1,19,0,0,8,8,7,12.771428571428572,1,0,8,8,7,12.771428571428572,1,9.4,-0.8,-3.12,Enrolled,0.025808405,Low Risk,Nursing
1,39,1,9500,1,1,110.0,1,1,37,9,9,126.0,1,0,0,1,1,0,27,0,0,7,7,7,14.085714285714284,0,0,7,7,7,14.085714285714284,0,7.6,2.6,0.32,Enrolled,0.022514982,Low Risk,Nursing
1,1,1,9500,1,1,137.0,1,1,19,4,4,125.3,0,0,0,1,1,0,19,0,0,7,7,7,12.2,0,0,7,7,7,12.2,0,7.6,2.6,0.32,Enrolled,0.022037977,Low Risk,Nursing
1,1,1,9500,1,1,141.0,1,3,1,9,9,124.3,0,0,0,1,0,0,19,0,0,8,8,7,14.514285714285714,0,0,8,8,7,14.514285714285714,0,12.7,3.7,-1.7,Enrolled,0.020395588,Low Risk,Nursing
1,17,3,9070,1,1,116.0,1,37,37,9,9,110.8,0,0,0,1,0,0,18,0,0,6,6,6,11.833333333333334,0,0,6,6,6,12.5,0,7.6,2.6,0.32,Enrolled,0.01834714,Low Risk,Communication Design
1,1,1,9500,1,1,143.0,1,19,19,5,6,142.3,0,0,0,1,0,1,18,0,0,7,7,7,13.79714285714286,0,0,8,8,8,13.775,0,12.4,0.5,1.79,Enrolled,0.01607748,Low Risk,Nursing
